Job,Customer,Description,Status,Order_Date,Total_Price,job_est_hrs,job_act_hrs,tank_type,n_operations,n_ops_with_hours,total_est_hrs,total_act_hrs,has_manway,has_skirt,has_ladder,has_handrail,has_platform,has_jacket,has_coil,has_baffles,has_cladding,has_dip_tubes,has_stiffeners,has_body_flange,wc_hrs_finishing,wc_hrs_fit,wc_hrs_inspection,wc_hrs_move_tank,wc_hrs_pre_fab,wc_hrs_shipping
26-023,SAVATANK,DEMO TANK,Active,2026-03-05,1.0,17.0,0.0,tank,20,14,17.0,0.0,False,False,False,False,False,False,False,False,False,False,False,False,2.0,7.0,0.0,0.0,8.0,0.0
25-127,VERTCORP,BUFFER TANK 4 OF 224,Active,2026-01-13,20500.0,74.0,77.75,buffer_tank,46,33,74.0,77.75,False,False,False,False,False,False,False,False,False,False,False,False,11.0,27.0,0.0,2.0,33.0,1.0
25-134,VERTCORP,BUFFER TANK 11 OF 224,Active,2026-01-13,20500.0,74.0,49.5,buffer_tank,46,33,74.0,49.5,False,False,False,False,False,False,False,False,False,False,False,False,11.0,27.0,0.0,2.0,33.0,1.0
25-128,VERTCORP,BUFFER TANK 5 OF 224,Complete,2026-01-13,20500.0,74.0,54.75,buffer_tank,46,33,74.0,54.75,False,False,False,False,False,False,False,False,False,False,False,False,11.0,27.0,0.0,2.0,33.0,1.0
25-170,VERTCORP,BUFFER TANK 47 OF 224,Active,2026-01-02,20500.0,74.0,8.5,buffer_tank,46,33,74.0,8.5,False,False,False,False,False,False,False,False,False,False,False,False,11.0,27.0,0.0,2.0,33.0,1.0
25-171,VERTCORP,BUFFER TANK 48 OF 224,Active,2026-01-02,20500.0,74.0,7.5,buffer_tank,46,33,74.0,7.5,False,False,False,False,False,False,False,False,False,False,False,False,11.0,27.0,0.0,2.0,33.0,1.0
25-308,VERTCORP,BUFFER TANK 185 OF 224,Active,2026-01-02,20500.0,74.0,1.0,buffer_tank,46,33,74.0,1.0,False,False,False,False,False,False,False,False,False,False,False,False,11.0,27.0,0.0,2.0,33.0,1.0
25-135,VERTCORP,BUFFER TANK 12 OF 224,Active,2025-12-15,20500.0,74.0,61.5,buffer_tank,46,33,74.0,61.5,False,False,False,False,False,False,False,False,False,False,False,False,11.0,27.0,0.0,2.0,33.0,1.0
25-125,VERTCORP,BUFFER TANK 2 OF 224,Active,2025-12-15,20500.0,74.0,71.75,buffer_tank,46,33,74.0,71.75,False,False,False,False,False,False,False,False,False,False,False,False,11.0,27.0,0.0,2.0,33.0,1.0
25-172,VERTCORP,BUFFER TANK 49 OF 224,Active,2025-12-15,20500.0,74.0,7.25,buffer_tank,46,33,74.0,7.25,False,False,False,False,False,False,False,False,False,False,False,False,11.0,27.0,0.0,2.0,33.0,1.0
25-173,VERTCORP,BUFFER TANK 50 OF 224,Active,2025-12-15,20500.0,74.0,7.5,buffer_tank,46,33,74.0,7.5,False,False,False,False,False,False,False,False,False,False,False,False,11.0,27.0,0.0,2.0,33.0,1.0
25-149,VERTCORP,BUFFER TANK 26 OF 224,Active,2025-12-15,20500.0,74.0,30.5,buffer_tank,46,33,74.0,30.5,False,False,False,False,False,False,False,False,False,False,False,False,11.0,27.0,0.0,2.0,33.0,1.0
25-164,VERTCORP,BUFFER TANK 41 OF 224,Active,2025-12-15,20500.0,74.0,22.5,buffer_tank,46,33,74.0,22.5,False,False,False,False,False,False,False,False,False,False,False,False,11.0,27.0,0.0,2.0,33.0,1.0
25-132,VERTCORP,BUFFER TANK 9 OF 224,Active,2025-12-15,20500.0,74.0,61.5,buffer_tank,46,33,74.0,61.5,False,False,False,False,False,False,False,False,False,False,False,False,11.0,27.0,0.0,2.0,33.0,1.0
25-137,VERTCORP,BUFFER TANK 14 OF 224,Active,2025-12-15,20500.0,74.0,47.25,buffer_tank,46,33,74.0,47.25,False,False,False,False,False,False,False,False,False,False,False,False,11.0,27.0,0.0,2.0,33.0,1.0
25-140,VERTCORP,BUFFER TANK 17 OF 224,Active,2025-12-15,20500.0,74.0,41.75,buffer_tank,46,33,74.0,41.75,False,False,False,False,False,False,False,False,False,False,False,False,11.0,27.0,0.0,2.0,33.0,1.0
25-142,VERTCORP,BUFFER TANK 19 OF 224,Active,2025-12-15,20500.0,74.0,55.0,buffer_tank,46,33,74.0,55.0,False,False,False,False,False,False,False,False,False,False,False,False,11.0,27.0,0.0,2.0,33.0,1.0
25-143,VERTCORP,BUFFER TANK 20 OF 224,Active,2025-12-15,20500.0,74.0,48.25,buffer_tank,46,33,74.0,48.25,False,False,False,False,False,False,False,False,False,False,False,False,11.0,27.0,0.0,2.0,33.0,1.0
25-145,VERTCORP,BUFFER TANK 22 OF 224,Active,2025-12-15,20500.0,74.0,41.25,buffer_tank,46,33,74.0,41.25,False,False,False,False,False,False,False,False,False,False,False,False,11.0,27.0,0.0,2.0,33.0,1.0
25-146,VERTCORP,BUFFER TANK 23 OF 224,Active,2025-12-15,20500.0,74.0,46.75,buffer_tank,46,33,74.0,46.75,False,False,False,False,False,False,False,False,False,False,False,False,11.0,27.0,0.0,2.0,33.0,1.0
25-133,VERTCORP,BUFFER TANK 10 OF 224,Active,2025-12-15,20500.0,74.0,53.25,buffer_tank,46,33,74.0,53.25,False,False,False,False,False,False,False,False,False,False,False,False,11.0,27.0,0.0,2.0,33.0,1.0
25-126,VERTCORP,BUFFER TANK 3 OF 224,Active,2025-12-15,20500.0,74.0,66.5,buffer_tank,46,33,74.0,66.5,False,False,False,False,False,False,False,False,False,False,False,False,11.0,27.0,0.0,2.0,33.0,1.0
25-138,VERTCORP,BUFFER TANK 15 OF 224,Active,2025-12-15,20500.0,74.0,41.0,buffer_tank,46,33,74.0,41.0,False,False,False,False,False,False,False,False,False,False,False,False,11.0,27.0,0.0,2.0,33.0,1.0
25-139,VERTCORP,BUFFER TANK 16 OF 224,Active,2025-12-15,20500.0,74.0,44.25,buffer_tank,46,33,74.0,44.25,False,False,False,False,False,False,False,False,False,False,False,False,11.0,27.0,0.0,2.0,33.0,1.0
25-144,VERTCORP,BUFFER TANK 21 OF 224,Active,2025-12-15,20500.0,74.0,49.0,buffer_tank,46,33,74.0,49.0,False,False,False,False,False,False,False,False,False,False,False,False,11.0,27.0,0.0,2.0,33.0,1.0
25-141,VERTCORP,BUFFER TANK 18 OF 224,Active,2025-12-15,20500.0,74.0,52.75,buffer_tank,46,33,74.0,52.75,False,False,False,False,False,False,False,False,False,False,False,False,11.0,27.0,0.0,2.0,33.0,1.0
25-129,VERTCORP,BUFFER TANK 6 OF 224,Active,2025-12-15,20500.0,74.0,75.5,buffer_tank,46,33,74.0,75.5,False,False,False,False,False,False,False,False,False,False,False,False,11.0,27.0,0.0,2.0,33.0,1.0
25-147,VERTCORP,BUFFER TANK 24 OF 224,Active,2025-12-15,20500.0,74.0,55.25,buffer_tank,46,33,74.0,55.25,False,False,False,False,False,False,False,False,False,False,False,False,11.0,27.0,0.0,2.0,33.0,1.0
25-131,VERTCORP,BUFFER TANK 8 OF 224,Active,2025-12-15,20500.0,74.0,69.5,buffer_tank,46,33,74.0,69.5,False,False,False,False,False,False,False,False,False,False,False,False,11.0,27.0,0.0,2.0,33.0,1.0
25-130,VERTCORP,BUFFER TANK 7 OF 224,Active,2025-12-15,20500.0,74.0,68.0,buffer_tank,46,33,74.0,68.0,False,False,False,False,False,False,False,False,False,False,False,False,11.0,27.0,0.0,2.0,33.0,1.0
25-136,VERTCORP,BUFFER TANK 13 OF 224,Active,2025-12-15,20500.0,74.0,51.25,buffer_tank,46,33,74.0,51.25,False,False,False,False,False,False,False,False,False,False,False,False,11.0,27.0,0.0,2.0,33.0,1.0
25-309,VERTCORP,BUFFER TANK 186 OF 224,Active,2025-12-15,20500.0,74.0,1.0,buffer_tank,46,33,74.0,1.0,False,False,False,False,False,False,False,False,False,False,False,False,11.0,27.0,0.0,2.0,33.0,1.0
25-310,VERTCORP,BUFFER TANK 187 OF 224,Active,2025-12-15,20500.0,74.0,1.0,buffer_tank,46,33,74.0,1.0,False,False,False,False,False,False,False,False,False,False,False,False,11.0,27.0,0.0,2.0,33.0,1.0
25-311,VERTCORP,BUFFER TANK 188 OF 224,Active,2025-12-15,20500.0,74.0,1.0,buffer_tank,46,33,74.0,1.0,False,False,False,False,False,False,False,False,False,False,False,False,11.0,27.0,0.0,2.0,33.0,1.0
25-312,VERTCORP,BUFFER TANK 189 OF 224,Active,2025-12-15,20500.0,74.0,1.0,buffer_tank,46,33,74.0,1.0,False,False,False,False,False,False,False,False,False,False,False,False,11.0,27.0,0.0,2.0,33.0,1.0
25-313,VERTCORP,BUFFER TANK 190 OF 224,Active,2025-12-15,20500.0,74.0,1.0,buffer_tank,46,33,74.0,1.0,False,False,False,False,False,False,False,False,False,False,False,False,11.0,27.0,0.0,2.0,33.0,1.0
25-314,VERTCORP,BUFFER TANK 191 OF 224,Active,2025-12-15,20500.0,74.0,1.0,buffer_tank,46,33,74.0,1.0,False,False,False,False,False,False,False,False,False,False,False,False,11.0,27.0,0.0,2.0,33.0,1.0
25-315,VERTCORP,BUFFER TANK 192 OF 224,Active,2025-12-15,20500.0,74.0,1.0,buffer_tank,46,33,74.0,1.0,False,False,False,False,False,False,False,False,False,False,False,False,11.0,27.0,0.0,2.0,33.0,1.0
25-316,VERTCORP,BUFFER TANK 193 OF 224,Active,2025-12-15,20500.0,74.0,1.0,buffer_tank,46,33,74.0,1.0,False,False,False,False,False,False,False,False,False,False,False,False,11.0,27.0,0.0,2.0,33.0,1.0
25-317,VERTCORP,BUFFER TANK 194 OF 224,Active,2025-12-15,20500.0,74.0,1.0,buffer_tank,46,33,74.0,1.0,False,False,False,False,False,False,False,False,False,False,False,False,11.0,27.0,0.0,2.0,33.0,1.0
25-318,VERTCORP,BUFFER TANK 195 OF 224,Active,2025-12-15,20500.0,74.0,1.0,buffer_tank,46,33,74.0,1.0,False,False,False,False,False,False,False,False,False,False,False,False,11.0,27.0,0.0,2.0,33.0,1.0
25-319,VERTCORP,BUFFER TANK 196 OF 224,Active,2025-12-15,20500.0,74.0,1.0,buffer_tank,46,33,74.0,1.0,False,False,False,False,False,False,False,False,False,False,False,False,11.0,27.0,0.0,2.0,33.0,1.0
25-320,VERTCORP,BUFFER TANK 197 OF 224,Active,2025-12-15,20500.0,74.0,1.0,buffer_tank,46,33,74.0,1.0,False,False,False,False,False,False,False,False,False,False,False,False,11.0,27.0,0.0,2.0,33.0,1.0
25-321,VERTCORP,BUFFER TANK 198 OF 224,Active,2025-12-15,20500.0,74.0,1.0,buffer_tank,46,33,74.0,1.0,False,False,False,False,False,False,False,False,False,False,False,False,11.0,27.0,0.0,2.0,33.0,1.0
25-322,VERTCORP,BUFFER TANK 199 OF 224,Active,2025-12-15,20500.0,74.0,1.0,buffer_tank,46,33,74.0,1.0,False,False,False,False,False,False,False,False,False,False,False,False,11.0,27.0,0.0,2.0,33.0,1.0
25-323,VERTCORP,BUFFER TANK 200 OF 224,Active,2025-12-15,20500.0,74.0,1.0,buffer_tank,46,33,74.0,1.0,False,False,False,False,False,False,False,False,False,False,False,False,11.0,27.0,0.0,2.0,33.0,1.0
25-324,VERTCORP,BUFFER TANK 201 OF 224,Active,2025-12-15,20500.0,74.0,1.0,buffer_tank,46,33,74.0,1.0,False,False,False,False,False,False,False,False,False,False,False,False,11.0,27.0,0.0,2.0,33.0,1.0
25-325,VERTCORP,BUFFER TANK 202 OF 224,Active,2025-12-15,20500.0,74.0,1.0,buffer_tank,46,33,74.0,1.0,False,False,False,False,False,False,False,False,False,False,False,False,11.0,27.0,0.0,2.0,33.0,1.0
25-326,VERTCORP,BUFFER TANK 203 OF 224,Active,2025-12-15,20500.0,74.0,1.0,buffer_tank,46,33,74.0,1.0,False,False,False,False,False,False,False,False,False,False,False,False,11.0,27.0,0.0,2.0,33.0,1.0
25-327,VERTCORP,BUFFER TANK 204 OF 224,Active,2025-12-15,20500.0,74.0,1.0,buffer_tank,46,33,74.0,1.0,False,False,False,False,False,False,False,False,False,False,False,False,11.0,27.0,0.0,2.0,33.0,1.0
25-328,VERTCORP,BUFFER TANK 205 OF 224,Active,2025-12-15,20500.0,74.0,1.0,buffer_tank,46,33,74.0,1.0,False,False,False,False,False,False,False,False,False,False,False,False,11.0,27.0,0.0,2.0,33.0,1.0
25-329,VERTCORP,BUFFER TANK 206 OF 224,Active,2025-12-15,20500.0,74.0,1.0,buffer_tank,46,33,74.0,1.0,False,False,False,False,False,False,False,False,False,False,False,False,11.0,27.0,0.0,2.0,33.0,1.0
25-243,VERTCORP,BUFFER TANK 120 OF 224,Active,2025-12-15,20500.0,74.0,0.5,buffer_tank,46,33,74.0,0.5,False,False,False,False,False,False,False,False,False,False,False,False,11.0,27.0,0.0,2.0,33.0,1.0
25-244,VERTCORP,BUFFER TANK 121 OF 224,Active,2025-12-15,20500.0,74.0,0.5,buffer_tank,46,33,74.0,0.5,False,False,False,False,False,False,False,False,False,False,False,False,11.0,27.0,0.0,2.0,33.0,1.0
25-245,VERTCORP,BUFFER TANK 122 OF 224,Active,2025-12-15,20500.0,74.0,0.5,buffer_tank,46,33,74.0,0.5,False,False,False,False,False,False,False,False,False,False,False,False,11.0,27.0,0.0,2.0,33.0,1.0
25-246,VERTCORP,BUFFER TANK 123 OF 224,Active,2025-12-15,20500.0,74.0,0.5,buffer_tank,46,33,74.0,0.5,False,False,False,False,False,False,False,False,False,False,False,False,11.0,27.0,0.0,2.0,33.0,1.0
25-247,VERTCORP,BUFFER TANK 124 OF 224,Active,2025-12-15,20500.0,74.0,0.5,buffer_tank,46,33,74.0,0.5,False,False,False,False,False,False,False,False,False,False,False,False,11.0,27.0,0.0,2.0,33.0,1.0
25-248,VERTCORP,BUFFER TANK 125 OF 224,Active,2025-12-15,20500.0,74.0,0.5,buffer_tank,46,33,74.0,0.5,False,False,False,False,False,False,False,False,False,False,False,False,11.0,27.0,0.0,2.0,33.0,1.0
25-249,VERTCORP,BUFFER TANK 126 OF 224,Active,2025-12-15,20500.0,74.0,0.5,buffer_tank,46,33,74.0,0.5,False,False,False,False,False,False,False,False,False,False,False,False,11.0,27.0,0.0,2.0,33.0,1.0
25-250,VERTCORP,BUFFER TANK 127 OF 224,Active,2025-12-15,20500.0,74.0,0.5,buffer_tank,46,33,74.0,0.5,False,False,False,False,False,False,False,False,False,False,False,False,11.0,27.0,0.0,2.0,33.0,1.0
25-251,VERTCORP,BUFFER TANK 128 OF 224,Active,2025-12-15,20500.0,74.0,0.5,buffer_tank,46,33,74.0,0.5,False,False,False,False,False,False,False,False,False,False,False,False,11.0,27.0,0.0,2.0,33.0,1.0
25-252,VERTCORP,BUFFER TANK 129 OF 224,Active,2025-12-15,20500.0,74.0,0.5,buffer_tank,46,33,74.0,0.5,False,False,False,False,False,False,False,False,False,False,False,False,11.0,27.0,0.0,2.0,33.0,1.0
25-254,VERTCORP,BUFFER TANK 131 OF 224,Active,2025-12-15,20500.0,74.0,0.5,buffer_tank,46,33,74.0,0.5,False,False,False,False,False,False,False,False,False,False,False,False,11.0,27.0,0.0,2.0,33.0,1.0
25-255,VERTCORP,BUFFER TANK 132 OF 224,Active,2025-12-15,20500.0,74.0,0.5,buffer_tank,46,33,74.0,0.5,False,False,False,False,False,False,False,False,False,False,False,False,11.0,27.0,0.0,2.0,33.0,1.0
25-257,VERTCORP,BUFFER TANK 134 OF 224,Active,2025-12-15,20500.0,74.0,0.5,buffer_tank,46,33,74.0,0.5,False,False,False,False,False,False,False,False,False,False,False,False,11.0,27.0,0.0,2.0,33.0,1.0
25-258,VERTCORP,BUFFER TANK 135 OF 224,Active,2025-12-15,20500.0,74.0,0.5,buffer_tank,46,33,74.0,0.5,False,False,False,False,False,False,False,False,False,False,False,False,11.0,27.0,0.0,2.0,33.0,1.0
25-259,VERTCORP,BUFFER TANK 136 OF 224,Active,2025-12-15,20500.0,74.0,0.5,buffer_tank,46,33,74.0,0.5,False,False,False,False,False,False,False,False,False,False,False,False,11.0,27.0,0.0,2.0,33.0,1.0
25-260,VERTCORP,BUFFER TANK 137 OF 224,Active,2025-12-15,20500.0,74.0,0.5,buffer_tank,46,33,74.0,0.5,False,False,False,False,False,False,False,False,False,False,False,False,11.0,27.0,0.0,2.0,33.0,1.0
25-261,VERTCORP,BUFFER TANK 138 OF 224,Active,2025-12-15,20500.0,74.0,0.5,buffer_tank,46,33,74.0,0.5,False,False,False,False,False,False,False,False,False,False,False,False,11.0,27.0,0.0,2.0,33.0,1.0
25-262,VERTCORP,BUFFER TANK 139 OF 224,Active,2025-12-15,20500.0,74.0,0.5,buffer_tank,46,33,74.0,0.5,False,False,False,False,False,False,False,False,False,False,False,False,11.0,27.0,0.0,2.0,33.0,1.0
25-263,VERTCORP,BUFFER TANK 140 OF 224,Active,2025-12-15,20500.0,74.0,0.5,buffer_tank,46,33,74.0,0.5,False,False,False,False,False,False,False,False,False,False,False,False,11.0,27.0,0.0,2.0,33.0,1.0
25-264,VERTCORP,BUFFER TANK 141 OF 224,Active,2025-12-15,20500.0,74.0,0.5,buffer_tank,46,33,74.0,0.5,False,False,False,False,False,False,False,False,False,False,False,False,11.0,27.0,0.0,2.0,33.0,1.0
25-253,VERTCORP,BUFFER TANK 130 OF 224,Active,2025-12-15,20500.0,74.0,0.5,buffer_tank,46,33,74.0,0.5,False,False,False,False,False,False,False,False,False,False,False,False,11.0,27.0,0.0,2.0,33.0,1.0
25-256,VERTCORP,BUFFER TANK 133 OF 224,Active,2025-12-15,20500.0,74.0,0.5,buffer_tank,46,33,74.0,0.5,False,False,False,False,False,False,False,False,False,False,False,False,11.0,27.0,0.0,2.0,33.0,1.0
25-265,VERTCORP,BUFFER TANK 142 OF 224,Active,2025-12-15,20500.0,74.0,0.5,buffer_tank,46,33,74.0,0.5,False,False,False,False,False,False,False,False,False,False,False,False,11.0,27.0,0.0,2.0,33.0,1.0
25-266,VERTCORP,BUFFER TANK 143 OF 224,Active,2025-12-15,20500.0,74.0,0.5,buffer_tank,46,33,74.0,0.5,False,False,False,False,False,False,False,False,False,False,False,False,11.0,27.0,0.0,2.0,33.0,1.0
25-267,VERTCORP,BUFFER TANK 144 OF 224,Active,2025-12-15,20500.0,74.0,0.5,buffer_tank,46,33,74.0,0.5,False,False,False,False,False,False,False,False,False,False,False,False,11.0,27.0,0.0,2.0,33.0,1.0
25-268,VERTCORP,BUFFER TANK 145 OF 224,Active,2025-12-15,20500.0,74.0,0.0,buffer_tank,46,33,74.0,0.0,False,False,False,False,False,False,False,False,False,False,False,False,11.0,27.0,0.0,2.0,33.0,1.0
25-269,VERTCORP,BUFFER TANK 146 OF 224,Active,2025-12-15,20500.0,74.0,0.0,buffer_tank,46,33,74.0,0.0,False,False,False,False,False,False,False,False,False,False,False,False,11.0,27.0,0.0,2.0,33.0,1.0
25-270,VERTCORP,BUFFER TANK 147 OF 224,Active,2025-12-15,20500.0,74.0,0.0,buffer_tank,46,33,74.0,0.0,False,False,False,False,False,False,False,False,False,False,False,False,11.0,27.0,0.0,2.0,33.0,1.0
25-271,VERTCORP,BUFFER TANK 148 OF 224,Active,2025-12-15,20500.0,74.0,0.0,buffer_tank,46,33,74.0,0.0,False,False,False,False,False,False,False,False,False,False,False,False,11.0,27.0,0.0,2.0,33.0,1.0
25-272,VERTCORP,BUFFER TANK 149 OF 224,Active,2025-12-15,20500.0,74.0,0.0,buffer_tank,46,33,74.0,0.0,False,False,False,False,False,False,False,False,False,False,False,False,11.0,27.0,0.0,2.0,33.0,1.0
25-330,VERTCORP,BUFFER TANK 207 OF 224,Active,2025-12-15,20500.0,74.0,2.0,buffer_tank,46,33,74.0,2.0,False,False,False,False,False,False,False,False,False,False,False,False,11.0,27.0,0.0,2.0,33.0,1.0
25-331,VERTCORP,BUFFER TANK 208 OF 224,Active,2025-12-15,20500.0,74.0,2.0,buffer_tank,46,33,74.0,2.0,False,False,False,False,False,False,False,False,False,False,False,False,11.0,27.0,0.0,2.0,33.0,1.0
25-332,VERTCORP,BUFFER TANK 209 OF 224,Active,2025-12-15,20500.0,74.0,2.0,buffer_tank,46,33,74.0,2.0,False,False,False,False,False,False,False,False,False,False,False,False,11.0,27.0,0.0,2.0,33.0,1.0
25-333,VERTCORP,BUFFER TANK 210 OF 224,Active,2025-12-15,20500.0,74.0,2.0,buffer_tank,46,33,74.0,2.0,False,False,False,False,False,False,False,False,False,False,False,False,11.0,27.0,0.0,2.0,33.0,1.0
25-334,VERTCORP,BUFFER TANK 211 OF 224,Active,2025-12-15,20500.0,74.0,2.0,buffer_tank,46,33,74.0,2.0,False,False,False,False,False,False,False,False,False,False,False,False,11.0,27.0,0.0,2.0,33.0,1.0
25-335,VERTCORP,BUFFER TANK 212 OF 224,Active,2025-12-15,20500.0,74.0,2.0,buffer_tank,46,33,74.0,2.0,False,False,False,False,False,False,False,False,False,False,False,False,11.0,27.0,0.0,2.0,33.0,1.0
25-336,VERTCORP,BUFFER TANK 213 OF 224,Active,2025-12-15,20500.0,74.0,2.0,buffer_tank,46,33,74.0,2.0,False,False,False,False,False,False,False,False,False,False,False,False,11.0,27.0,0.0,2.0,33.0,1.0
25-337,VERTCORP,BUFFER TANK 214 OF 224,Active,2025-12-15,20500.0,74.0,2.0,buffer_tank,46,33,74.0,2.0,False,False,False,False,False,False,False,False,False,False,False,False,11.0,27.0,0.0,2.0,33.0,1.0
25-338,VERTCORP,BUFFER TANK 215 OF 224,Active,2025-12-15,20500.0,74.0,2.0,buffer_tank,46,33,74.0,2.0,False,False,False,False,False,False,False,False,False,False,False,False,11.0,27.0,0.0,2.0,33.0,1.0
25-339,VERTCORP,BUFFER TANK 216 OF 224,Active,2025-12-15,20500.0,74.0,2.0,buffer_tank,46,33,74.0,2.0,False,False,False,False,False,False,False,False,False,False,False,False,11.0,27.0,0.0,2.0,33.0,1.0
25-340,VERTCORP,BUFFER TANK 217 OF 224,Active,2025-12-15,20500.0,74.0,1.0,buffer_tank,46,33,74.0,1.0,False,False,False,False,False,False,False,False,False,False,False,False,11.0,27.0,0.0,2.0,33.0,1.0
25-341,VERTCORP,BUFFER TANK 218 OF 224,Active,2025-12-15,20500.0,74.0,1.0,buffer_tank,46,33,74.0,1.0,False,False,False,False,False,False,False,False,False,False,False,False,11.0,27.0,0.0,2.0,33.0,1.0
25-342,VERTCORP,BUFFER TANK 219 OF 224,Active,2025-12-15,20500.0,74.0,1.0,buffer_tank,46,33,74.0,1.0,False,False,False,False,False,False,False,False,False,False,False,False,11.0,27.0,0.0,2.0,33.0,1.0
25-343,VERTCORP,BUFFER TANK 220 OF 224,Active,2025-12-15,20500.0,74.0,1.0,buffer_tank,46,33,74.0,1.0,False,False,False,False,False,False,False,False,False,False,False,False,11.0,27.0,0.0,2.0,33.0,1.0
25-175,VERTCORP,BUFFER TANK 52 OF 224,Active,2025-12-15,20500.0,74.0,7.0,buffer_tank,46,33,74.0,7.0,False,False,False,False,False,False,False,False,False,False,False,False,11.0,27.0,0.0,2.0,33.0,1.0
25-176,VERTCORP,BUFFER TANK 53 OF 224,Active,2025-12-15,20500.0,74.0,6.5,buffer_tank,46,33,74.0,6.5,False,False,False,False,False,False,False,False,False,False,False,False,11.0,27.0,0.0,2.0,33.0,1.0
25-152,VERTCORP,BUFFER TANK 29 OF 224,Active,2025-12-15,20500.0,74.0,18.5,buffer_tank,46,33,74.0,18.5,False,False,False,False,False,False,False,False,False,False,False,False,11.0,27.0,0.0,2.0,33.0,1.0
25-153,VERTCORP,BUFFER TANK 30 OF 224,Active,2025-12-15,20500.0,74.0,18.0,buffer_tank,46,33,74.0,18.0,False,False,False,False,False,False,False,False,False,False,False,False,11.0,27.0,0.0,2.0,33.0,1.0
25-148,VERTCORP,BUFFER TANK 25 OF 224,Active,2025-12-15,20500.0,74.0,34.5,buffer_tank,46,33,74.0,34.5,False,False,False,False,False,False,False,False,False,False,False,False,11.0,27.0,0.0,2.0,33.0,1.0
25-177,VERTCORP,BUFFER TANK 54 OF 224,Active,2025-12-15,20500.0,74.0,6.5,buffer_tank,46,33,74.0,6.5,False,False,False,False,False,False,False,False,False,False,False,False,11.0,27.0,0.0,2.0,33.0,1.0
25-178,VERTCORP,BUFFER TANK 55 OF 224,Active,2025-12-15,20500.0,74.0,5.75,buffer_tank,46,33,74.0,5.75,False,False,False,False,False,False,False,False,False,False,False,False,11.0,27.0,0.0,2.0,33.0,1.0
25-179,VERTCORP,BUFFER TANK 56 OF 224,Active,2025-12-15,20500.0,74.0,9.5,buffer_tank,46,33,74.0,9.5,False,False,False,False,False,False,False,False,False,False,False,False,11.0,27.0,0.0,2.0,33.0,1.0
25-180,VERTCORP,BUFFER TANK 57 OF 224,Active,2025-12-15,20500.0,74.0,5.5,buffer_tank,46,33,74.0,5.5,False,False,False,False,False,False,False,False,False,False,False,False,11.0,27.0,0.0,2.0,33.0,1.0
25-181,VERTCORP,BUFFER TANK 58 OF 224,Active,2025-12-15,20500.0,74.0,5.5,buffer_tank,46,33,74.0,5.5,False,False,False,False,False,False,False,False,False,False,False,False,11.0,27.0,0.0,2.0,33.0,1.0
25-150,VERTCORP,BUFFER TANK 27 OF 224,Active,2025-12-15,20500.0,74.0,31.0,buffer_tank,46,33,74.0,31.0,False,False,False,False,False,False,False,False,False,False,False,False,11.0,27.0,0.0,2.0,33.0,1.0
25-155,VERTCORP,BUFFER TANK 32 OF 224,Active,2025-12-15,20500.0,74.0,17.0,buffer_tank,46,33,74.0,17.0,False,False,False,False,False,False,False,False,False,False,False,False,11.0,27.0,0.0,2.0,33.0,1.0
25-156,VERTCORP,BUFFER TANK 33 OF 224,Active,2025-12-15,20500.0,74.0,15.0,buffer_tank,46,33,74.0,15.0,False,False,False,False,False,False,False,False,False,False,False,False,11.0,27.0,0.0,2.0,33.0,1.0
25-174,VERTCORP,BUFFER TANK 51 OF 224,Active,2025-12-15,20500.0,74.0,18.0,buffer_tank,46,33,74.0,18.0,False,False,False,False,False,False,False,False,False,False,False,False,11.0,27.0,0.0,2.0,33.0,1.0
25-154,VERTCORP,BUFFER TANK 31 OF 224,Active,2025-12-15,20500.0,74.0,30.0,buffer_tank,46,33,74.0,30.0,False,False,False,False,False,False,False,False,False,False,False,False,11.0,27.0,0.0,2.0,33.0,1.0
25-165,VERTCORP,BUFFER TANK 42 OF 224,Active,2025-12-15,20500.0,74.0,13.0,buffer_tank,46,33,74.0,13.0,False,False,False,False,False,False,False,False,False,False,False,False,11.0,27.0,0.0,2.0,33.0,1.0
25-166,VERTCORP,BUFFER TANK 43 OF 224,Active,2025-12-15,20500.0,74.0,13.0,buffer_tank,46,33,74.0,13.0,False,False,False,False,False,False,False,False,False,False,False,False,11.0,27.0,0.0,2.0,33.0,1.0
25-167,VERTCORP,BUFFER TANK 44 OF 224,Active,2025-12-15,20500.0,74.0,13.0,buffer_tank,46,33,74.0,13.0,False,False,False,False,False,False,False,False,False,False,False,False,11.0,27.0,0.0,2.0,33.0,1.0
25-168,VERTCORP,BUFFER TANK 45 OF 224,Active,2025-12-15,20500.0,74.0,13.0,buffer_tank,46,33,74.0,13.0,False,False,False,False,False,False,False,False,False,False,False,False,11.0,27.0,0.0,2.0,33.0,1.0
25-169,VERTCORP,BUFFER TANK 46 OF 224,Active,2025-12-15,20500.0,74.0,23.0,buffer_tank,46,33,74.0,23.0,False,False,False,False,False,False,False,False,False,False,False,False,11.0,27.0,0.0,2.0,33.0,1.0
25-151,VERTCORP,BUFFER TANK 28 OF 224,Active,2025-12-15,20500.0,74.0,20.0,buffer_tank,46,33,74.0,20.0,False,False,False,False,False,False,False,False,False,False,False,False,11.0,27.0,0.0,2.0,33.0,1.0
25-159,VERTCORP,BUFFER TANK 36 OF 224,Active,2025-12-15,20500.0,74.0,19.5,buffer_tank,46,33,74.0,19.5,False,False,False,False,False,False,False,False,False,False,False,False,11.0,27.0,0.0,2.0,33.0,1.0
25-344,VERTCORP,BUFFER TANK 221 OF 224,Active,2025-12-15,20500.0,74.0,2.0,buffer_tank,46,33,74.0,2.0,False,False,False,False,False,False,False,False,False,False,False,False,11.0,27.0,0.0,2.0,33.0,1.0
25-345,VERTCORP,BUFFER TANK 222 OF 224,Active,2025-12-15,20500.0,74.0,2.0,buffer_tank,46,33,74.0,2.0,False,False,False,False,False,False,False,False,False,False,False,False,11.0,27.0,0.0,2.0,33.0,1.0
25-346,VERTCORP,BUFFER TANK 223 OF 224,Active,2025-12-15,20500.0,74.0,2.0,buffer_tank,46,33,74.0,2.0,False,False,False,False,False,False,False,False,False,False,False,False,11.0,27.0,0.0,2.0,33.0,1.0
25-184,VERTCORP,BUFFER TANK 61 OF 224,Active,2025-12-15,20500.0,74.0,2.0,buffer_tank,46,33,74.0,2.0,False,False,False,False,False,False,False,False,False,False,False,False,11.0,27.0,0.0,2.0,33.0,1.0
25-185,VERTCORP,BUFFER TANK 62 OF 224,Active,2025-12-15,20500.0,74.0,2.0,buffer_tank,46,33,74.0,2.0,False,False,False,False,False,False,False,False,False,False,False,False,11.0,27.0,0.0,2.0,33.0,1.0
25-186,VERTCORP,BUFFER TANK 63 OF 224,Active,2025-12-15,20500.0,74.0,2.0,buffer_tank,46,33,74.0,2.0,False,False,False,False,False,False,False,False,False,False,False,False,11.0,27.0,0.0,2.0,33.0,1.0
25-187,VERTCORP,BUFFER TANK 64 OF 224,Active,2025-12-15,20500.0,74.0,2.0,buffer_tank,46,33,74.0,2.0,False,False,False,False,False,False,False,False,False,False,False,False,11.0,27.0,0.0,2.0,33.0,1.0
25-188,VERTCORP,BUFFER TANK 65 OF 224,Active,2025-12-15,20500.0,74.0,2.0,buffer_tank,46,33,74.0,2.0,False,False,False,False,False,False,False,False,False,False,False,False,11.0,27.0,0.0,2.0,33.0,1.0
25-189,VERTCORP,BUFFER TANK 66 OF 224,Active,2025-12-15,20500.0,74.0,2.0,buffer_tank,46,33,74.0,2.0,False,False,False,False,False,False,False,False,False,False,False,False,11.0,27.0,0.0,2.0,33.0,1.0
25-190,VERTCORP,BUFFER TANK 67 OF 224,Active,2025-12-15,20500.0,74.0,2.0,buffer_tank,46,33,74.0,2.0,False,False,False,False,False,False,False,False,False,False,False,False,11.0,27.0,0.0,2.0,33.0,1.0
25-191,VERTCORP,BUFFER TANK 68 OF 224,Active,2025-12-15,20500.0,74.0,2.0,buffer_tank,46,33,74.0,2.0,False,False,False,False,False,False,False,False,False,False,False,False,11.0,27.0,0.0,2.0,33.0,1.0
25-192,VERTCORP,BUFFER TANK 69 OF 224,Active,2025-12-15,20500.0,74.0,2.0,buffer_tank,46,33,74.0,2.0,False,False,False,False,False,False,False,False,False,False,False,False,11.0,27.0,0.0,2.0,33.0,1.0
25-193,VERTCORP,BUFFER TANK 70 OF 224,Active,2025-12-15,20500.0,74.0,2.0,buffer_tank,46,33,74.0,2.0,False,False,False,False,False,False,False,False,False,False,False,False,11.0,27.0,0.0,2.0,33.0,1.0
25-194,VERTCORP,BUFFER TANK 71 OF 224,Active,2025-12-15,20500.0,74.0,2.0,buffer_tank,46,33,74.0,2.0,False,False,False,False,False,False,False,False,False,False,False,False,11.0,27.0,0.0,2.0,33.0,1.0
25-195,VERTCORP,BUFFER TANK 72 OF 224,Active,2025-12-15,20500.0,74.0,1.5,buffer_tank,46,33,74.0,1.5,False,False,False,False,False,False,False,False,False,False,False,False,11.0,27.0,0.0,2.0,33.0,1.0
25-196,VERTCORP,BUFFER TANK 73 OF 224,Active,2025-12-15,20500.0,74.0,1.5,buffer_tank,46,33,74.0,1.5,False,False,False,False,False,False,False,False,False,False,False,False,11.0,27.0,0.0,2.0,33.0,1.0
25-197,VERTCORP,BUFFER TANK 74 OF 224,Active,2025-12-15,20500.0,74.0,1.5,buffer_tank,46,33,74.0,1.5,False,False,False,False,False,False,False,False,False,False,False,False,11.0,27.0,0.0,2.0,33.0,1.0
25-198,VERTCORP,BUFFER TANK 75 OF 224,Active,2025-12-15,20500.0,74.0,1.5,buffer_tank,46,33,74.0,1.5,False,False,False,False,False,False,False,False,False,False,False,False,11.0,27.0,0.0,2.0,33.0,1.0
25-199,VERTCORP,BUFFER TANK 76 OF 224,Active,2025-12-15,20500.0,74.0,2.5,buffer_tank,46,33,74.0,2.5,False,False,False,False,False,False,False,False,False,False,False,False,11.0,27.0,0.0,2.0,33.0,1.0
25-200,VERTCORP,BUFFER TANK 77 OF 224,Active,2025-12-15,20500.0,74.0,2.5,buffer_tank,46,33,74.0,2.5,False,False,False,False,False,False,False,False,False,False,False,False,11.0,27.0,0.0,2.0,33.0,1.0
25-201,VERTCORP,BUFFER TANK 78 OF 224,Active,2025-12-15,20500.0,74.0,2.5,buffer_tank,46,33,74.0,2.5,False,False,False,False,False,False,False,False,False,False,False,False,11.0,27.0,0.0,2.0,33.0,1.0
25-157,VERTCORP,BUFFER TANK 34 OF 224,Active,2025-12-15,20500.0,74.0,13.0,buffer_tank,46,33,74.0,13.0,False,False,False,False,False,False,False,False,False,False,False,False,11.0,27.0,0.0,2.0,33.0,1.0
25-158,VERTCORP,BUFFER TANK 35 OF 224,Active,2025-12-15,20500.0,74.0,12.75,buffer_tank,46,33,74.0,12.75,False,False,False,False,False,False,False,False,False,False,False,False,11.0,27.0,0.0,2.0,33.0,1.0
25-202,VERTCORP,BUFFER TANK 79 OF 224,Active,2025-12-15,20500.0,74.0,2.75,buffer_tank,46,33,74.0,2.75,False,False,False,False,False,False,False,False,False,False,False,False,11.0,27.0,0.0,2.0,33.0,1.0
25-203,VERTCORP,BUFFER TANK 80 OF 224,Active,2025-12-15,20500.0,74.0,2.75,buffer_tank,46,33,74.0,2.75,False,False,False,False,False,False,False,False,False,False,False,False,11.0,27.0,0.0,2.0,33.0,1.0
25-160,VERTCORP,BUFFER TANK 37 OF 224,Active,2025-12-15,20500.0,74.0,13.0,buffer_tank,46,33,74.0,13.0,False,False,False,False,False,False,False,False,False,False,False,False,11.0,27.0,0.0,2.0,33.0,1.0
25-161,VERTCORP,BUFFER TANK 38 OF 224,Active,2025-12-15,20500.0,74.0,16.5,buffer_tank,46,33,74.0,16.5,False,False,False,False,False,False,False,False,False,False,False,False,11.0,27.0,0.0,2.0,33.0,1.0
25-162,VERTCORP,BUFFER TANK 39 OF 224,Active,2025-12-15,20500.0,74.0,15.5,buffer_tank,46,33,74.0,15.5,False,False,False,False,False,False,False,False,False,False,False,False,11.0,27.0,0.0,2.0,33.0,1.0
25-163,VERTCORP,BUFFER TANK 40 OF 224,Active,2025-12-15,20500.0,74.0,16.0,buffer_tank,46,33,74.0,16.0,False,False,False,False,False,False,False,False,False,False,False,False,11.0,27.0,0.0,2.0,33.0,1.0
25-204,VERTCORP,BUFFER TANK 81 OF 224,Active,2025-12-15,20500.0,74.0,2.5,buffer_tank,46,33,74.0,2.5,False,False,False,False,False,False,False,False,False,False,False,False,11.0,27.0,0.0,2.0,33.0,1.0
25-205,VERTCORP,BUFFER TANK 82 OF 224,Active,2025-12-15,20500.0,74.0,1.5,buffer_tank,46,33,74.0,1.5,False,False,False,False,False,False,False,False,False,False,False,False,11.0,27.0,0.0,2.0,33.0,1.0
25-206,VERTCORP,BUFFER TANK 83 OF 224,Active,2025-12-15,20500.0,74.0,1.5,buffer_tank,46,33,74.0,1.5,False,False,False,False,False,False,False,False,False,False,False,False,11.0,27.0,0.0,2.0,33.0,1.0
25-207,VERTCORP,BUFFER TANK 84 OF 224,Active,2025-12-15,20500.0,74.0,1.5,buffer_tank,46,33,74.0,1.5,False,False,False,False,False,False,False,False,False,False,False,False,11.0,27.0,0.0,2.0,33.0,1.0
25-208,VERTCORP,BUFFER TANK 85 OF 224,Active,2025-12-15,20500.0,74.0,1.5,buffer_tank,46,33,74.0,1.5,False,False,False,False,False,False,False,False,False,False,False,False,11.0,27.0,0.0,2.0,33.0,1.0
25-209,VERTCORP,BUFFER TANK 86 OF 224,Active,2025-12-15,20500.0,74.0,1.5,buffer_tank,46,33,74.0,1.5,False,False,False,False,False,False,False,False,False,False,False,False,11.0,27.0,0.0,2.0,33.0,1.0
25-210,VERTCORP,BUFFER TANK 87 OF 224,Active,2025-12-15,20500.0,74.0,1.5,buffer_tank,46,33,74.0,1.5,False,False,False,False,False,False,False,False,False,False,False,False,11.0,27.0,0.0,2.0,33.0,1.0
25-211,VERTCORP,BUFFER TANK 88 OF 224,Active,2025-12-15,20500.0,74.0,1.5,buffer_tank,46,33,74.0,1.5,False,False,False,False,False,False,False,False,False,False,False,False,11.0,27.0,0.0,2.0,33.0,1.0
25-212,VERTCORP,BUFFER TANK 89 OF 224,Active,2025-12-15,20500.0,74.0,1.5,buffer_tank,46,33,74.0,1.5,False,False,False,False,False,False,False,False,False,False,False,False,11.0,27.0,0.0,2.0,33.0,1.0
25-213,VERTCORP,BUFFER TANK 90 OF 224,Active,2025-12-15,20500.0,74.0,1.5,buffer_tank,46,33,74.0,1.5,False,False,False,False,False,False,False,False,False,False,False,False,11.0,27.0,0.0,2.0,33.0,1.0
25-182,VERTCORP,BUFFER TANK 59 OF 224,Active,2025-12-15,20500.0,74.0,3.5,buffer_tank,46,33,74.0,3.5,False,False,False,False,False,False,False,False,False,False,False,False,11.0,27.0,0.0,2.0,33.0,1.0
25-183,VERTCORP,BUFFER TANK 60 OF 224,Active,2025-12-15,20500.0,74.0,2.5,buffer_tank,46,33,74.0,2.5,False,False,False,False,False,False,False,False,False,False,False,False,11.0,27.0,0.0,2.0,33.0,1.0
25-274,VERTCORP,BUFFER TANK 151 OF 224,Active,2025-12-15,20500.0,74.0,0.5,buffer_tank,46,33,74.0,0.5,False,False,False,False,False,False,False,False,False,False,False,False,11.0,27.0,0.0,2.0,33.0,1.0
25-275,VERTCORP,BUFFER TANK 152 OF 224,Active,2025-12-15,20500.0,74.0,0.5,buffer_tank,46,33,74.0,0.5,False,False,False,False,False,False,False,False,False,False,False,False,11.0,27.0,0.0,2.0,33.0,1.0
25-276,VERTCORP,BUFFER TANK 153 OF 224,Active,2025-12-15,20500.0,74.0,0.5,buffer_tank,46,33,74.0,0.5,False,False,False,False,False,False,False,False,False,False,False,False,11.0,27.0,0.0,2.0,33.0,1.0
25-277,VERTCORP,BUFFER TANK 154 OF 224,Active,2025-12-15,20500.0,74.0,0.5,buffer_tank,46,33,74.0,0.5,False,False,False,False,False,False,False,False,False,False,False,False,11.0,27.0,0.0,2.0,33.0,1.0
25-278,VERTCORP,BUFFER TANK 155 OF 224,Active,2025-12-15,20500.0,74.0,0.5,buffer_tank,46,33,74.0,0.5,False,False,False,False,False,False,False,False,False,False,False,False,11.0,27.0,0.0,2.0,33.0,1.0
25-279,VERTCORP,BUFFER TANK 156 OF 224,Active,2025-12-15,20500.0,74.0,0.5,buffer_tank,46,33,74.0,0.5,False,False,False,False,False,False,False,False,False,False,False,False,11.0,27.0,0.0,2.0,33.0,1.0
25-280,VERTCORP,BUFFER TANK 157 OF 224,Active,2025-12-15,20500.0,74.0,0.5,buffer_tank,46,33,74.0,0.5,False,False,False,False,False,False,False,False,False,False,False,False,11.0,27.0,0.0,2.0,33.0,1.0
25-281,VERTCORP,BUFFER TANK 158 OF 224,Active,2025-12-15,20500.0,74.0,0.5,buffer_tank,46,33,74.0,0.5,False,False,False,False,False,False,False,False,False,False,False,False,11.0,27.0,0.0,2.0,33.0,1.0
25-282,VERTCORP,BUFFER TANK 159 OF 224,Active,2025-12-15,20500.0,74.0,0.5,buffer_tank,46,33,74.0,0.5,False,False,False,False,False,False,False,False,False,False,False,False,11.0,27.0,0.0,2.0,33.0,1.0
25-283,VERTCORP,BUFFER TANK 160 OF 224,Active,2025-12-15,20500.0,74.0,0.5,buffer_tank,46,33,74.0,0.5,False,False,False,False,False,False,False,False,False,False,False,False,11.0,27.0,0.0,2.0,33.0,1.0
25-273,VERTCORP,BUFFER TANK 150 OF 224,Active,2025-12-15,20500.0,74.0,0.0,buffer_tank,46,33,74.0,0.0,False,False,False,False,False,False,False,False,False,False,False,False,11.0,27.0,0.0,2.0,33.0,1.0
25-347,VERTCORP,BUFFER TANK 224 OF 224,Active,2025-12-15,20500.0,74.0,0.0,buffer_tank,46,33,74.0,0.0,False,False,False,False,False,False,False,False,False,False,False,False,11.0,27.0,0.0,2.0,33.0,1.0
25-284,VERTCORP,BUFFER TANK 161 OF 224,Active,2025-12-15,20500.0,74.0,1.0,buffer_tank,46,33,74.0,1.0,False,False,False,False,False,False,False,False,False,False,False,False,11.0,27.0,0.0,2.0,33.0,1.0
25-285,VERTCORP,BUFFER TANK 162 OF 224,Active,2025-12-15,20500.0,74.0,1.0,buffer_tank,46,33,74.0,1.0,False,False,False,False,False,False,False,False,False,False,False,False,11.0,27.0,0.0,2.0,33.0,1.0
25-286,VERTCORP,BUFFER TANK 163 OF 224,Active,2025-12-15,20500.0,74.0,1.0,buffer_tank,46,33,74.0,1.0,False,False,False,False,False,False,False,False,False,False,False,False,11.0,27.0,0.0,2.0,33.0,1.0
25-287,VERTCORP,BUFFER TANK 164 OF 224,Active,2025-12-15,20500.0,74.0,1.0,buffer_tank,46,33,74.0,1.0,False,False,False,False,False,False,False,False,False,False,False,False,11.0,27.0,0.0,2.0,33.0,1.0
25-288,VERTCORP,BUFFER TANK 165 OF 224,Active,2025-12-15,20500.0,74.0,1.0,buffer_tank,46,33,74.0,1.0,False,False,False,False,False,False,False,False,False,False,False,False,11.0,27.0,0.0,2.0,33.0,1.0
25-289,VERTCORP,BUFFER TANK 166 OF 224,Active,2025-12-15,20500.0,74.0,1.0,buffer_tank,46,33,74.0,1.0,False,False,False,False,False,False,False,False,False,False,False,False,11.0,27.0,0.0,2.0,33.0,1.0
25-290,VERTCORP,BUFFER TANK 167 OF 224,Active,2025-12-15,20500.0,74.0,0.5,buffer_tank,46,33,74.0,0.5,False,False,False,False,False,False,False,False,False,False,False,False,11.0,27.0,0.0,2.0,33.0,1.0
25-291,VERTCORP,BUFFER TANK 168 OF 224,Active,2025-12-15,20500.0,74.0,0.5,buffer_tank,46,33,74.0,0.5,False,False,False,False,False,False,False,False,False,False,False,False,11.0,27.0,0.0,2.0,33.0,1.0
25-292,VERTCORP,BUFFER TANK 169 OF 224,Active,2025-12-15,20500.0,74.0,0.5,buffer_tank,46,33,74.0,0.5,False,False,False,False,False,False,False,False,False,False,False,False,11.0,27.0,0.0,2.0,33.0,1.0
25-293,VERTCORP,BUFFER TANK 170 OF 224,Active,2025-12-15,20500.0,74.0,0.5,buffer_tank,46,33,74.0,0.5,False,False,False,False,False,False,False,False,False,False,False,False,11.0,27.0,0.0,2.0,33.0,1.0
25-294,VERTCORP,BUFFER TANK 171 OF 224,Active,2025-12-15,20500.0,74.0,0.5,buffer_tank,46,33,74.0,0.5,False,False,False,False,False,False,False,False,False,False,False,False,11.0,27.0,0.0,2.0,33.0,1.0
25-295,VERTCORP,BUFFER TANK 172 OF 224,Active,2025-12-15,20500.0,74.0,0.5,buffer_tank,46,33,74.0,0.5,False,False,False,False,False,False,False,False,False,False,False,False,11.0,27.0,0.0,2.0,33.0,1.0
25-214,VERTCORP,BUFFER TANK 91 OF 224,Active,2025-12-15,20500.0,74.0,0.5,buffer_tank,46,33,74.0,0.5,False,False,False,False,False,False,False,False,False,False,False,False,11.0,27.0,0.0,2.0,33.0,1.0
25-216,VERTCORP,BUFFER TANK 93 OF 224,Active,2025-12-15,20500.0,74.0,0.5,buffer_tank,46,33,74.0,0.5,False,False,False,False,False,False,False,False,False,False,False,False,11.0,27.0,0.0,2.0,33.0,1.0
25-217,VERTCORP,BUFFER TANK 94 OF 224,Active,2025-12-15,20500.0,74.0,0.5,buffer_tank,46,33,74.0,0.5,False,False,False,False,False,False,False,False,False,False,False,False,11.0,27.0,0.0,2.0,33.0,1.0
25-218,VERTCORP,BUFFER TANK 95 OF 224,Active,2025-12-15,20500.0,74.0,0.5,buffer_tank,46,33,74.0,0.5,False,False,False,False,False,False,False,False,False,False,False,False,11.0,27.0,0.0,2.0,33.0,1.0
25-219,VERTCORP,BUFFER TANK 96 OF 224,Active,2025-12-15,20500.0,74.0,0.5,buffer_tank,46,33,74.0,0.5,False,False,False,False,False,False,False,False,False,False,False,False,11.0,27.0,0.0,2.0,33.0,1.0
25-220,VERTCORP,BUFFER TANK 97 OF 224,Active,2025-12-15,20500.0,74.0,0.5,buffer_tank,46,33,74.0,0.5,False,False,False,False,False,False,False,False,False,False,False,False,11.0,27.0,0.0,2.0,33.0,1.0
25-221,VERTCORP,BUFFER TANK 98 OF 224,Active,2025-12-15,20500.0,74.0,0.5,buffer_tank,46,33,74.0,0.5,False,False,False,False,False,False,False,False,False,False,False,False,11.0,27.0,0.0,2.0,33.0,1.0
25-222,VERTCORP,BUFFER TANK 99 OF 224,Active,2025-12-15,20500.0,74.0,0.5,buffer_tank,46,33,74.0,0.5,False,False,False,False,False,False,False,False,False,False,False,False,11.0,27.0,0.0,2.0,33.0,1.0
25-223,VERTCORP,BUFFER TANK 100 OF 224,Active,2025-12-15,20500.0,74.0,0.5,buffer_tank,46,33,74.0,0.5,False,False,False,False,False,False,False,False,False,False,False,False,11.0,27.0,0.0,2.0,33.0,1.0
25-225,VERTCORP,BUFFER TANK 102 OF 224,Active,2025-12-15,20500.0,74.0,0.5,buffer_tank,46,33,74.0,0.5,False,False,False,False,False,False,False,False,False,False,False,False,11.0,27.0,0.0,2.0,33.0,1.0
25-226,VERTCORP,BUFFER TANK 103 OF 224,Active,2025-12-15,20500.0,74.0,0.5,buffer_tank,46,33,74.0,0.5,False,False,False,False,False,False,False,False,False,False,False,False,11.0,27.0,0.0,2.0,33.0,1.0
25-227,VERTCORP,BUFFER TANK 104 OF 224,Active,2025-12-15,20500.0,74.0,0.5,buffer_tank,46,33,74.0,0.5,False,False,False,False,False,False,False,False,False,False,False,False,11.0,27.0,0.0,2.0,33.0,1.0
25-228,VERTCORP,BUFFER TANK 105 OF 224,Active,2025-12-15,20500.0,74.0,1.0,buffer_tank,46,33,74.0,1.0,False,False,False,False,False,False,False,False,False,False,False,False,11.0,27.0,0.0,2.0,33.0,1.0
25-229,VERTCORP,BUFFER TANK 106 OF 224,Active,2025-12-15,20500.0,74.0,0.5,buffer_tank,46,33,74.0,0.5,False,False,False,False,False,False,False,False,False,False,False,False,11.0,27.0,0.0,2.0,33.0,1.0
25-230,VERTCORP,BUFFER TANK 107 OF 224,Active,2025-12-15,20500.0,74.0,0.5,buffer_tank,46,33,74.0,0.5,False,False,False,False,False,False,False,False,False,False,False,False,11.0,27.0,0.0,2.0,33.0,1.0
25-231,VERTCORP,BUFFER TANK 108 OF 224,Active,2025-12-15,20500.0,74.0,0.5,buffer_tank,46,33,74.0,0.5,False,False,False,False,False,False,False,False,False,False,False,False,11.0,27.0,0.0,2.0,33.0,1.0
25-232,VERTCORP,BUFFER TANK 109 OF 224,Active,2025-12-15,20500.0,74.0,0.5,buffer_tank,46,33,74.0,0.5,False,False,False,False,False,False,False,False,False,False,False,False,11.0,27.0,0.0,2.0,33.0,1.0
25-233,VERTCORP,BUFFER TANK 110 OF 224,Active,2025-12-15,20500.0,74.0,0.5,buffer_tank,46,33,74.0,0.5,False,False,False,False,False,False,False,False,False,False,False,False,11.0,27.0,0.0,2.0,33.0,1.0
25-234,VERTCORP,BUFFER TANK 111 OF 224,Active,2025-12-15,20500.0,74.0,0.5,buffer_tank,46,33,74.0,0.5,False,False,False,False,False,False,False,False,False,False,False,False,11.0,27.0,0.0,2.0,33.0,1.0
25-236,VERTCORP,BUFFER TANK 113 OF 224,Active,2025-12-15,20500.0,74.0,0.5,buffer_tank,46,33,74.0,0.5,False,False,False,False,False,False,False,False,False,False,False,False,11.0,27.0,0.0,2.0,33.0,1.0
25-237,VERTCORP,BUFFER TANK 114 OF 224,Active,2025-12-15,20500.0,74.0,0.5,buffer_tank,46,33,74.0,0.5,False,False,False,False,False,False,False,False,False,False,False,False,11.0,27.0,0.0,2.0,33.0,1.0
25-238,VERTCORP,BUFFER TANK 115 OF 224,Active,2025-12-15,20500.0,74.0,0.5,buffer_tank,46,33,74.0,0.5,False,False,False,False,False,False,False,False,False,False,False,False,11.0,27.0,0.0,2.0,33.0,1.0
25-239,VERTCORP,BUFFER TANK 116 OF 224,Active,2025-12-15,20500.0,74.0,0.5,buffer_tank,46,33,74.0,0.5,False,False,False,False,False,False,False,False,False,False,False,False,11.0,27.0,0.0,2.0,33.0,1.0
25-240,VERTCORP,BUFFER TANK 117 OF 224,Active,2025-12-15,20500.0,74.0,0.5,buffer_tank,46,33,74.0,0.5,False,False,False,False,False,False,False,False,False,False,False,False,11.0,27.0,0.0,2.0,33.0,1.0
25-241,VERTCORP,BUFFER TANK 118 OF 224,Active,2025-12-15,20500.0,74.0,0.5,buffer_tank,46,33,74.0,0.5,False,False,False,False,False,False,False,False,False,False,False,False,11.0,27.0,0.0,2.0,33.0,1.0
25-242,VERTCORP,BUFFER TANK 119 OF 224,Active,2025-12-15,20500.0,74.0,0.5,buffer_tank,46,33,74.0,0.5,False,False,False,False,False,False,False,False,False,False,False,False,11.0,27.0,0.0,2.0,33.0,1.0
25-224,VERTCORP,BUFFER TANK 101 OF 224,Active,2025-12-15,20500.0,74.0,0.5,buffer_tank,46,33,74.0,0.5,False,False,False,False,False,False,False,False,False,False,False,False,11.0,27.0,0.0,2.0,33.0,1.0
25-235,VERTCORP,BUFFER TANK 112 OF 224,Active,2025-12-15,20500.0,74.0,0.5,buffer_tank,46,33,74.0,0.5,False,False,False,False,False,False,False,False,False,False,False,False,11.0,27.0,0.0,2.0,33.0,1.0
25-215,VERTCORP,BUFFER TANK 92 OF 224,Active,2025-12-15,20500.0,74.0,0.5,buffer_tank,46,33,74.0,0.5,False,False,False,False,False,False,False,False,False,False,False,False,11.0,27.0,0.0,2.0,33.0,1.0
25-296,VERTCORP,BUFFER TANK 173 OF 224,Active,2025-12-15,20500.0,74.0,1.0,buffer_tank,46,33,74.0,1.0,False,False,False,False,False,False,False,False,False,False,False,False,11.0,27.0,0.0,2.0,33.0,1.0
25-297,VERTCORP,BUFFER TANK 174 OF 224,Active,2025-12-15,20500.0,74.0,1.0,buffer_tank,46,33,74.0,1.0,False,False,False,False,False,False,False,False,False,False,False,False,11.0,27.0,0.0,2.0,33.0,1.0
25-298,VERTCORP,BUFFER TANK 175 OF 224,Active,2025-12-15,20500.0,74.0,1.0,buffer_tank,46,33,74.0,1.0,False,False,False,False,False,False,False,False,False,False,False,False,11.0,27.0,0.0,2.0,33.0,1.0
25-299,VERTCORP,BUFFER TANK 176 OF 224,Active,2025-12-15,20500.0,74.0,1.0,buffer_tank,46,33,74.0,1.0,False,False,False,False,False,False,False,False,False,False,False,False,11.0,27.0,0.0,2.0,33.0,1.0
25-300,VERTCORP,BUFFER TANK 177 OF 224,Active,2025-12-15,20500.0,74.0,1.0,buffer_tank,46,33,74.0,1.0,False,False,False,False,False,False,False,False,False,False,False,False,11.0,27.0,0.0,2.0,33.0,1.0
25-301,VERTCORP,BUFFER TANK 178 OF 224,Active,2025-12-15,20500.0,74.0,1.0,buffer_tank,46,33,74.0,1.0,False,False,False,False,False,False,False,False,False,False,False,False,11.0,27.0,0.0,2.0,33.0,1.0
25-302,VERTCORP,BUFFER TANK 179 OF 224,Active,2025-12-15,20500.0,74.0,1.0,buffer_tank,46,33,74.0,1.0,False,False,False,False,False,False,False,False,False,False,False,False,11.0,27.0,0.0,2.0,33.0,1.0
25-303,VERTCORP,BUFFER TANK 180 OF 224,Active,2025-12-15,20500.0,74.0,1.0,buffer_tank,46,33,74.0,1.0,False,False,False,False,False,False,False,False,False,False,False,False,11.0,27.0,0.0,2.0,33.0,1.0
25-304,VERTCORP,BUFFER TANK 181 OF 224,Active,2025-12-15,20500.0,74.0,1.0,buffer_tank,46,33,74.0,1.0,False,False,False,False,False,False,False,False,False,False,False,False,11.0,27.0,0.0,2.0,33.0,1.0
25-305,VERTCORP,BUFFER TANK 182 OF 224,Active,2025-12-15,20500.0,74.0,1.0,buffer_tank,46,33,74.0,1.0,False,False,False,False,False,False,False,False,False,False,False,False,11.0,27.0,0.0,2.0,33.0,1.0
25-306,VERTCORP,BUFFER TANK 183 OF 224,Active,2025-12-15,20500.0,74.0,1.0,buffer_tank,46,33,74.0,1.0,False,False,False,False,False,False,False,False,False,False,False,False,11.0,27.0,0.0,2.0,33.0,1.0
25-307,VERTCORP,BUFFER TANK 184 OF 224,Active,2025-12-15,20500.0,74.0,1.0,buffer_tank,46,33,74.0,1.0,False,False,False,False,False,False,False,False,False,False,False,False,11.0,27.0,0.0,2.0,33.0,1.0
25-124,VERTCORP,BUFFER TANK 1 OF 224,Complete,2025-12-15,20500.0,74.0,75.0,buffer_tank,46,33,74.0,75.0,False,False,False,False,False,False,False,False,False,False,False,False,11.0,27.0,0.0,2.0,33.0,1.0
25-118,MERRINDU,MH-5301-HP-05000-CASING,Active,2025-11-07,125500.0,679.0,568.0,other,47,37,679.0,568.0,False,False,False,False,False,False,False,False,False,False,False,False,19.0,294.0,0.0,8.0,355.0,3.0
25-117,MERRINDU,MH-5301-HP-02000-CASING,Active,2025-11-07,125500.0,679.0,733.25,other,47,37,679.0,661.75,False,False,False,False,False,False,False,False,False,False,False,False,19.0,294.0,0.0,8.0,355.0,3.0
25-110,EPICSYST,T-117,Active,2025-10-31,57500.0,146.0,33.25,other,54,42,146.0,33.25,False,False,False,False,False,False,False,False,False,False,False,False,20.0,45.0,0.0,1.0,78.0,2.0
25-113,EPICSYST,T-120,Active,2025-10-31,57750.0,166.0,19.5,other,51,38,166.0,19.5,False,False,False,False,False,False,False,False,False,False,False,False,20.0,63.0,0.0,2.0,79.0,2.0
25-111,EPICSYST,T-118A,Active,2025-10-31,55250.0,205.0,15.0,other,57,44,205.0,15.0,False,False,False,False,False,False,False,False,False,False,False,False,30.0,82.0,0.0,2.0,89.0,2.0
25-109,EPICSYST,V-117,Active,2025-10-31,26500.0,56.0,7.25,other,29,19,56.0,7.25,False,False,False,False,False,False,False,False,False,False,False,False,11.0,29.0,0.0,1.0,14.0,1.0
25-101,HARPLOVE,T-1615 RUPTURE DISK CATCH TANK,Active,2025-10-27,357000.0,560.0,281.0,tank,65,52,560.0,281.0,False,False,False,False,False,False,False,False,False,False,False,False,57.0,181.0,0.0,4.0,309.0,9.0
25-099,BURKINDU,CONE BOTTOM W/COIL,Complete,2025-10-02,34250.0,137.0,132.5,other,32,22,137.0,132.5,False,False,False,False,False,False,False,False,False,False,False,False,14.0,22.0,0.0,4.0,94.0,3.0
25-100,CONSDESI,(8) ANCHOR CHAIRS,Complete,2025-10-01,4535.0,11.0,7.0,other,6,6,11.0,7.0,False,False,False,False,False,False,False,False,False,False,False,False,2.0,0.0,0.0,0.0,8.0,1.0
25-098,COASTECH,MIST ELIMINATOR W/FACE WASH,Active,2025-09-24,71500.0,108.0,0.0,other,47,33,108.0,0.0,False,False,False,False,False,False,False,False,False,False,False,False,15.0,28.0,0.0,1.0,63.0,1.0
25-096,MILLIKEN,T-3405,Complete,2025-09-22,21950.0,97.0,84.5,other,39,26,97.0,84.5,False,False,False,False,False,False,False,False,False,False,False,False,12.0,23.0,0.0,2.0,59.0,1.0
25-097,MILLIKEN,T-3505,Complete,2025-09-22,21950.0,97.0,86.25,other,39,26,97.0,86.25,False,False,False,False,False,False,False,False,False,False,False,False,12.0,23.0,0.0,2.0,59.0,1.0
25-093,AMERTERP,CARBON UNIT #2,Active,2025-09-10,106000.0,325.0,265.25,other,65,53,325.0,257.25,False,False,False,False,False,False,False,False,False,False,False,False,31.0,149.0,0.0,6.0,136.0,3.0
25-092,AMERTERP,CARBON UNIT #1,Active,2025-09-10,106000.0,325.0,260.75,other,65,53,325.0,256.25,False,False,False,False,False,False,False,False,False,False,False,False,31.0,149.0,0.0,6.0,136.0,3.0
25-094,KIMBCLAR,420-TK-42003,Complete,2025-09-10,28750.0,80.0,58.5,other,26,19,80.0,58.5,False,False,False,False,False,False,False,False,False,False,False,False,12.0,37.0,0.0,1.0,29.0,1.0
25-091,USSUGARSV,API MANWAY,Active,2025-09-04,5800.0,14.0,9.0,other,13,9,14.0,9.0,False,False,False,False,False,False,False,False,False,False,False,False,3.0,0.0,0.0,1.0,10.0,0.0
25-089,VALMETIN,DISSOLVING TANK,Complete,2025-08-25,835000.0,1700.0,1998.75,dissolving_tank,64,50,1700.0,1980.25,False,False,False,False,False,False,False,False,False,False,False,False,86.0,945.0,0.0,24.0,612.0,33.0
25-088,CILISOTOPE,BALLAST TANK,Complete,2025-08-13,27250.0,58.0,51.5,tank,41,29,58.0,51.5,False,False,False,False,False,False,False,False,False,False,False,False,12.0,18.0,0.0,2.0,25.0,1.0
25-087,SOLVAY-ALP,WASTE WATER TANK,Complete,2025-08-07,35175.0,128.0,116.5,tank,51,38,128.0,116.5,False,False,False,False,False,False,False,False,False,False,False,False,20.0,47.0,0.0,2.0,58.0,1.0
25-086,TELLPROD,SS FLANGE RING,Active,2025-07-30,6075.0,14.0,13.5,other,8,6,14.0,13.5,False,False,False,False,False,False,False,False,False,False,False,False,2.0,0.0,0.0,0.0,11.0,1.0
25-085,NOAHINDU,HIGH FBCR TANK (316 OPTION),Complete,2025-07-22,143900.0,403.0,393.25,tank,60,43,403.0,393.25,False,False,False,False,False,False,False,False,False,False,False,False,57.0,144.0,0.0,4.0,194.0,4.0
25-084,ATLASMIN,SULFUR HOLDING TANK,Active,2025-07-18,140500.0,513.0,511.75,tank,71,52,513.0,511.75,False,False,False,False,False,False,False,False,False,False,False,False,32.0,148.0,0.0,6.0,317.0,10.0
25-083,SYNTHOMER,REACTOR 12,Complete,2025-07-14,164600.0,511.0,386.5,reactor,65,52,511.0,380.5,False,False,False,False,False,False,False,False,False,False,False,False,70.0,247.0,0.0,4.0,184.0,6.0
25-082,TOMHENLEY,ROLLED PLATE,Active,2025-07-02,2300.0,11.0,9.0,other,1,1,11.0,9.0,False,False,False,False,False,False,False,False,False,False,False,False,0.0,0.0,0.0,0.0,11.0,0.0
25-081,PROPIPE,"20"" ROLLED PIPE",Active,2025-07-01,1800.0,7.0,6.0,other,1,1,7.0,6.0,False,False,False,False,False,False,False,False,False,False,False,False,0.0,0.0,0.0,0.0,7.0,0.0
25-080,DOMTARPA,DAF FILTRATE TANK,Complete,2025-06-27,75500.0,236.0,261.75,tank,52,40,236.0,261.75,False,False,False,False,False,False,False,False,False,False,False,False,15.0,80.0,0.0,6.0,131.0,4.0
25-077,EPICSYST,R-301 DMN CSTR,Complete,2025-06-25,34900.0,141.0,138.0,reactor,54,42,141.0,134.0,False,False,False,False,False,False,False,False,False,False,False,False,13.0,63.0,0.0,2.0,62.0,1.0
25-078,EPICSYST,R-310 PACKED BED REACTOR,Complete,2025-06-25,23650.0,95.0,138.5,reactor,36,24,95.0,124.5,False,False,False,False,False,False,False,False,False,False,False,False,12.0,45.0,0.0,2.0,36.0,0.0
25-079,EPICSYST,R-311 PACKED BED REACTOR,Complete,2025-06-25,23650.0,95.0,101.5,reactor,36,24,95.0,93.5,False,False,False,False,False,False,False,False,False,False,False,False,12.0,45.0,0.0,2.0,36.0,0.0
25-075,KEMIRAWS,SULFURIC ACID TANK,Complete,2025-06-17,135500.0,315.0,301.75,tank,59,48,315.0,295.75,False,False,False,False,False,False,False,False,False,False,False,False,25.0,118.0,0.0,6.0,162.0,4.0
25-074,KEMIRAWS,T306 FERRIC SULFATE STORAGE TANK,Complete,2025-06-17,189050.0,483.0,463.75,storage_tank,56,46,483.0,463.75,False,False,False,False,False,False,False,False,False,False,False,False,75.0,199.0,0.0,6.0,197.0,6.0
25-076,IRVCPROD,GLUE CONTAINMENT DROPLET SEAL POT,Complete,2025-06-16,9900.0,38.0,43.0,other,36,22,38.0,43.0,False,False,False,False,False,False,False,False,False,False,False,False,9.0,16.0,0.0,1.0,11.0,1.0
25-072,BURKINDU,SS STORAGE TANK #1,Complete,2025-06-16,135250.0,395.0,381.5,storage_tank,52,42,395.0,381.5,False,False,False,False,False,False,False,False,False,False,False,False,67.0,151.0,0.0,6.0,166.0,5.0
25-073,BURKINDU,SS STORAGE TANK #2,Complete,2025-06-16,135250.0,395.0,366.75,storage_tank,52,42,395.0,366.75,False,False,False,False,False,False,False,False,False,False,False,False,67.0,151.0,0.0,6.0,166.0,5.0
25-060,RECOCOMM,BUFFER TANK #5,Complete,2025-06-13,102250.0,476.0,454.0,buffer_tank,63,48,476.0,454.0,False,False,False,False,False,False,False,False,False,False,False,False,16.0,250.0,0.0,7.0,198.0,5.0
25-061,RECOCOMM,BUFFER TANK #6,Complete,2025-06-13,102250.0,476.0,403.5,buffer_tank,63,48,476.0,403.5,False,False,False,False,False,False,False,False,False,False,False,False,16.0,250.0,0.0,7.0,198.0,5.0
25-062,RECOCOMM,BUFFER TANK #7,Complete,2025-06-13,102250.0,476.0,382.25,buffer_tank,63,48,476.0,382.25,False,False,False,False,False,False,False,False,False,False,False,False,16.0,250.0,0.0,7.0,198.0,5.0
25-063,RECOCOMM,BUFFER TANK #8,Complete,2025-06-13,102250.0,476.0,382.25,buffer_tank,63,48,476.0,382.25,False,False,False,False,False,False,False,False,False,False,False,False,16.0,250.0,0.0,7.0,198.0,5.0
25-064,RECOCOMM,BUFFER TANK #9,Complete,2025-06-13,102250.0,476.0,383.0,buffer_tank,63,48,476.0,375.5,False,False,False,False,False,False,False,False,False,False,False,False,16.0,250.0,0.0,7.0,198.0,5.0
25-065,RECOCOMM,BUFFER TANK #10,Complete,2025-06-13,102250.0,476.0,389.5,buffer_tank,63,48,476.0,389.5,False,False,False,False,False,False,False,False,False,False,False,False,16.0,250.0,0.0,7.0,198.0,5.0
25-056,RECOCOMM,BUFFER TANK #1,Complete,2025-06-13,102250.0,476.0,448.5,buffer_tank,63,48,476.0,448.5,False,False,False,False,False,False,False,False,False,False,False,False,16.0,250.0,0.0,7.0,198.0,5.0
25-057,RECOCOMM,BUFFER TANK #2,Complete,2025-06-13,102250.0,476.0,443.75,buffer_tank,63,48,476.0,424.25,False,False,False,False,False,False,False,False,False,False,False,False,16.0,250.0,0.0,7.0,198.0,5.0
25-058,RECOCOMM,BUFFER TANK #3,Complete,2025-06-13,102250.0,476.0,545.0,buffer_tank,63,48,476.0,452.0,False,False,False,False,False,False,False,False,False,False,False,False,16.0,250.0,0.0,7.0,198.0,5.0
25-059,RECOCOMM,BUFFER TANK #4,Complete,2025-06-13,102250.0,476.0,433.5,buffer_tank,63,48,476.0,373.0,False,False,False,False,False,False,False,False,False,False,False,False,16.0,250.0,0.0,7.0,198.0,5.0
25-066,RECOCOMM,BUFFER TANK #11,Complete,2025-06-13,102250.0,476.0,460.0,buffer_tank,63,48,476.0,460.0,False,False,False,False,False,False,False,False,False,False,False,False,16.0,250.0,0.0,7.0,198.0,5.0
25-067,RECOCOMM,BUFFER TANK #12,Complete,2025-06-13,102250.0,476.0,411.75,buffer_tank,63,48,476.0,411.75,False,False,False,False,False,False,False,False,False,False,False,False,16.0,250.0,0.0,7.0,198.0,5.0
25-068,RECOCOMM,BUFFER TANK #13,Complete,2025-06-13,102250.0,476.0,407.25,buffer_tank,63,48,476.0,407.25,False,False,False,False,False,False,False,False,False,False,False,False,16.0,250.0,0.0,7.0,198.0,5.0
25-069,RECOCOMM,BUFFER TANK #14,Complete,2025-06-13,102250.0,476.0,398.5,buffer_tank,63,48,476.0,398.5,False,False,False,False,False,False,False,False,False,False,False,False,16.0,250.0,0.0,7.0,198.0,5.0
25-070,RECOCOMM,BUFFER TANK #15,Active,2025-06-13,102250.0,476.0,355.75,buffer_tank,63,48,476.0,355.75,False,False,False,False,False,False,False,False,False,False,False,False,16.0,250.0,0.0,7.0,198.0,5.0
25-071,RECOCOMM,BUFFER TANK #16,Active,2025-06-13,102250.0,476.0,370.0,buffer_tank,63,48,476.0,370.0,False,False,False,False,False,False,False,False,False,False,False,False,16.0,250.0,0.0,7.0,198.0,5.0
25-055,AIRGASNITR,SST N20 REACTOR,Active,2025-06-12,136000.0,540.0,217.0,reactor,56,44,540.0,217.0,False,False,False,False,False,False,False,False,False,False,False,False,40.0,166.0,0.0,7.0,325.0,2.0
25-053,ANDRITZI,VAPOR DUCTING 300122163,Active,2025-06-02,82000.0,120.0,175.5,other,34,19,120.0,172.5,False,False,False,False,False,False,False,False,False,False,False,False,13.0,43.0,0.0,2.0,61.0,1.0
25-054,CHROMASC,CHLOROSULFONIC ACID BULK STORAGE TK,Complete,2025-06-02,159500.0,436.0,482.0,storage_tank,50,39,436.0,460.0,False,False,False,False,False,False,False,False,False,False,False,False,57.0,217.0,0.0,4.0,156.0,2.0
25-052,KRATCHEM,SKIM OIL TANK,Complete,2025-05-19,186850.0,536.0,572.5,tank,80,65,536.0,572.5,False,False,False,False,False,False,False,False,False,False,False,False,20.0,184.0,0.0,6.0,308.0,18.0
25-047,APPLINDU,(2) VIBE PADS,Active,2025-04-21,950.0,4.0,2.0,other,1,1,4.0,2.0,False,False,False,False,False,False,False,False,False,False,False,False,0.0,0.0,0.0,0.0,4.0,0.0
25-045,PROPIPE,NOZZLES AND AGITATOR SUPPORTS,Active,2025-04-05,38525.0,29.0,32.5,other,8,6,29.0,32.5,False,False,False,False,False,False,False,False,False,False,False,False,0.0,0.0,0.0,0.0,29.0,0.0
25-044,NOAHINDU,CLEAR CHEST,Complete,2025-04-01,210300.0,551.0,461.5,other,36,27,551.0,456.0,False,False,False,False,False,False,False,False,False,False,False,False,50.0,0.0,0.0,20.0,473.0,8.0
25-042,ANDRITZI,FOUL CONDENSATE TANK,Active,2025-03-19,20700.0,85.0,87.5,tank,45,32,85.0,87.5,False,False,False,False,False,False,False,False,False,False,False,False,15.0,27.0,0.0,2.0,39.0,2.0
25-040,NAKKILNS,HR 120 SHELL,Active,2025-03-05,1128000.0,234.0,365.0,other,23,15,234.0,309.0,False,False,False,False,False,False,False,False,False,False,False,False,27.0,73.0,0.0,3.0,125.0,6.0
25-039,ZACHMAIN,FILTER TANK,Complete,2025-02-26,119550.0,312.0,321.25,tank,61,48,312.0,321.25,False,False,False,False,False,False,False,False,False,False,False,False,46.0,113.0,0.0,4.0,146.0,3.0
25-030,IRVCPROD,DAF RECOVERED FIBER TANK,Complete,2025-02-04,62000.0,284.0,300.0,tank,69,58,284.0,296.0,False,False,False,False,False,False,False,False,False,False,False,False,37.0,75.0,0.0,4.0,158.0,10.0
25-033,IRVCPROD,BOW SCREEN RECOVERED FIBER TANK,Complete,2025-02-04,66300.0,284.0,309.0,tank,69,58,284.0,296.0,False,False,False,False,False,False,False,False,False,False,False,False,37.0,75.0,0.0,4.0,158.0,10.0
25-034,IRVCPROD,TAD SEAL POT,Complete,2025-02-04,12150.0,61.0,84.0,other,38,28,61.0,84.0,False,False,False,False,False,False,False,False,False,False,False,False,10.0,21.0,0.0,2.0,27.0,1.0
25-035,IRVCPROD,FORMING SEAL POT,Complete,2025-02-04,44650.0,185.0,261.0,other,36,27,185.0,254.0,False,False,False,False,False,False,False,False,False,False,False,False,29.0,101.0,0.0,2.0,51.0,2.0
25-036,IRVCPROD,DB TAD SEAL POT,Complete,2025-02-04,21800.0,93.0,135.5,other,37,28,93.0,135.5,False,False,False,False,False,False,False,False,False,False,False,False,15.0,37.0,0.0,2.0,38.0,1.0
25-027,IRVCPROD,YANKEE MACHINE CHEST,Complete,2025-02-04,79500.0,313.0,337.5,other,71,60,313.0,334.5,False,False,False,False,False,False,False,False,False,False,False,False,38.0,86.0,0.0,4.0,175.0,10.0
25-028,IRVCPROD,CORE MACHINE CHEST,Complete,2025-02-04,66500.0,272.0,278.0,other,61,50,272.0,265.0,False,False,False,False,False,False,False,False,False,False,False,False,38.0,81.0,0.0,4.0,139.0,10.0
25-029,IRVCPROD,TAD MACHINE CHEST,Complete,2025-02-04,76750.0,313.0,357.5,other,72,61,313.0,357.5,False,False,False,False,False,False,False,False,False,False,False,False,42.0,86.0,0.0,4.0,171.0,10.0
25-025,IRVCPROD,TAD FABRIC RELEASE BULK TANK,Complete,2025-02-04,76500.0,300.0,312.75,tank,61,50,300.0,312.75,False,False,False,False,False,False,False,False,False,False,False,False,52.0,97.0,0.0,4.0,143.0,4.0
25-026,IRVCPROD,CREPING ADHESIVE BULK TANK,Complete,2025-02-04,92250.0,365.0,316.25,tank,75,64,365.0,314.75,False,False,False,False,False,False,False,False,False,False,False,False,52.0,119.0,0.0,4.0,180.0,10.0
25-031,IRVCPROD,WET STRENGTH RESIN BULK STORAGE TK#1,Complete,2025-02-04,98650.0,396.0,363.5,storage_tank,73,62,396.0,358.5,False,False,False,False,False,False,False,False,False,False,False,False,59.0,125.0,0.0,4.0,198.0,10.0
25-032,IRVCPROD,WET STRENGTH RESIN BULK STORAGE TK#2,Complete,2025-02-04,95400.0,334.0,284.75,storage_tank,60,50,334.0,284.75,False,False,False,False,False,False,False,False,False,False,False,False,59.0,103.0,0.0,4.0,158.0,10.0
25-037,IRVCPROD,DRY STRENGTH BULK TANK,Complete,2025-02-04,92000.0,347.0,384.75,tank,73,61,347.0,384.75,False,False,False,False,False,False,False,False,False,False,False,False,52.0,109.0,0.0,4.0,176.0,6.0
25-023,ANDRITZI,PRODUCT LIQUOR FLASH TANK,Complete,2025-01-30,29250.0,121.0,125.5,flash_tank,59,44,121.0,125.5,False,False,False,False,False,False,False,False,False,False,False,False,16.0,37.0,0.0,3.0,63.0,2.0
25-024,ANDRITZI,CLEAN CONDENSATE SURGE TANK,Complete,2025-01-30,21500.0,98.0,91.5,surge_tank,49,34,98.0,91.5,False,False,False,False,False,False,False,False,False,False,False,False,16.0,35.0,0.0,3.0,42.0,2.0
25-008,KIMBCLAR,160-TK-22006,Complete,2025-01-28,77000.0,255.0,297.5,other,49,39,255.0,297.5,False,False,False,False,False,False,False,False,False,False,False,False,34.0,81.0,0.0,4.0,133.0,3.0
25-020,KIMBCLAR,360-TK-36102,Complete,2025-01-28,158500.0,481.0,459.75,other,64,46,481.0,459.75,False,False,False,False,False,False,False,False,False,False,False,False,67.0,132.0,0.0,4.0,266.0,12.0
25-021,KIMBCLAR,861-TK-86101,Complete,2025-01-28,122750.0,353.0,365.0,other,48,39,353.0,365.0,False,False,False,False,False,False,False,False,False,False,False,False,55.0,139.0,0.0,4.0,151.0,4.0
25-017,KIMBCLAR,370-TK-37005,Complete,2025-01-28,58500.0,205.0,214.0,other,47,37,205.0,214.0,False,False,False,False,False,False,False,False,False,False,False,False,29.0,71.0,0.0,2.0,101.0,2.0
25-014,KIMBCLAR,360-TK-36006,Complete,2025-01-28,77750.0,275.0,222.0,other,57,40,275.0,222.0,False,False,False,False,False,False,False,False,False,False,False,False,34.0,97.0,0.0,4.0,137.0,3.0
25-015,KIMBCLAR,360-TK-36101,Complete,2025-01-28,102250.0,360.0,350.0,other,64,46,360.0,350.0,False,False,False,False,False,False,False,False,False,False,False,False,43.0,111.0,0.0,4.0,197.0,5.0
25-007,KIMBCLAR,160-TK-16001,Complete,2025-01-28,106000.0,389.0,397.25,other,64,53,389.0,397.25,False,False,False,False,False,False,False,False,False,False,False,False,43.0,122.0,0.0,4.0,209.0,11.0
25-011,KIMBCLAR,230-TK-23001,Complete,2025-01-28,92750.0,298.0,270.0,other,47,38,298.0,270.0,False,False,False,False,False,False,False,False,False,False,False,False,46.0,109.0,0.0,4.0,136.0,3.0
25-010,KIMBCLAR,220-TK-22112,Complete,2025-01-28,29750.0,116.0,88.5,other,45,35,116.0,88.5,False,False,False,False,False,False,False,False,False,False,False,False,17.0,46.0,0.0,2.0,50.0,1.0
25-016,KIMBCLAR,370-TK-37001,Complete,2025-01-28,63000.0,261.0,194.0,other,49,39,261.0,194.0,False,False,False,False,False,False,False,False,False,False,False,False,34.0,83.0,0.0,4.0,137.0,3.0
25-019,KIMBCLAR,520-TK-52001,Complete,2025-01-28,61000.0,261.0,158.5,other,49,39,261.0,158.5,False,False,False,False,False,False,False,False,False,False,False,False,34.0,83.0,0.0,4.0,137.0,3.0
25-009,KIMBCLAR,220-TK-22001,Complete,2025-01-28,83250.0,305.0,293.5,other,50,40,305.0,279.5,False,False,False,False,False,False,False,False,False,False,False,False,38.0,108.0,0.0,4.0,152.0,3.0
25-018,KIMBCLAR,420-BT-42001,Complete,2025-01-28,130500.0,450.0,522.75,other,61,51,450.0,499.75,False,False,False,False,False,False,False,False,False,False,False,False,52.0,157.0,0.0,4.0,226.0,11.0
25-013,KIMBCLAR,340-TK-34001,Complete,2025-01-28,116750.0,365.0,347.5,other,55,45,365.0,347.5,False,False,False,False,False,False,False,False,False,False,False,False,42.0,138.0,0.0,4.0,176.0,5.0
25-012,KIMBCLAR,330-TK-3301,Complete,2025-01-28,69850.0,291.0,321.25,other,51,41,291.0,311.25,False,False,False,False,False,False,False,False,False,False,False,False,32.0,106.0,0.0,4.0,146.0,3.0
25-005,CYTECIND,P-50 REPLACEMENT,Complete,2025-01-21,75050.0,203.0,224.75,other,57,44,203.0,224.75,False,False,False,False,False,False,False,False,False,False,False,False,29.0,43.0,0.0,2.0,126.0,3.0
25-002,THIEKAOL,SURGE TANK,Complete,2025-01-17,16650.0,65.0,62.5,surge_tank,37,26,65.0,62.5,False,False,False,False,False,False,False,False,False,False,False,False,9.0,28.0,0.0,2.0,25.0,1.0
25-003,THIEKAOL,BLUNGER TANK #3,Complete,2025-01-17,93900.0,414.0,324.5,tank,60,48,414.0,324.5,False,False,False,False,False,False,False,False,False,False,False,False,47.0,137.0,0.0,4.0,222.0,4.0
25-004,THIEKAOL,BLUNGER TANK #4,Complete,2025-01-17,89150.0,404.0,300.0,tank,60,48,404.0,300.0,False,False,False,False,False,False,False,False,False,False,False,False,47.0,135.0,0.0,4.0,214.0,4.0
25-001,USSUGARSV,"144"" FLAT BOTTOM",Active,2025-01-14,6100.0,12.0,7.5,other,11,6,12.0,7.5,False,False,False,False,False,False,False,False,False,False,False,False,2.0,1.0,0.0,0.0,9.0,0.0
24-071,R2TCONSTRU,TANGENTIAL NOZZLE CHARGES,Active,2024-12-18,6800.0,1.0,0.0,other,1,1,1.0,0.0,False,False,False,False,False,False,False,False,False,False,False,False,0.0,0.0,0.0,0.0,0.0,1.0
24-069,R2TCONSTRU,LIME BULK STORAGE TANK #5,Complete,2024-12-18,173970.0,490.0,469.0,storage_tank,74,62,490.0,461.0,False,False,False,False,False,False,False,False,False,False,False,False,21.0,170.0,0.0,6.0,284.0,9.0
24-063,R2TCONSTRU,LIME DAY TANK #1,Complete,2024-12-18,138280.0,443.0,350.25,tank,74,62,443.0,348.25,False,False,False,False,False,False,False,False,False,False,False,False,21.0,151.0,0.0,6.0,256.0,9.0
24-064,R2TCONSTRU,LIME DAY TANK #2,Complete,2024-12-18,138280.0,443.0,343.5,tank,74,62,443.0,341.5,False,False,False,False,False,False,False,False,False,False,False,False,21.0,151.0,0.0,6.0,256.0,9.0
24-068,R2TCONSTRU,LIME BULK STORAGE TANK #4,Complete,2024-12-18,169600.0,490.0,439.0,storage_tank,74,62,490.0,431.0,False,False,False,False,False,False,False,False,False,False,False,False,21.0,170.0,0.0,6.0,284.0,9.0
24-066,R2TCONSTRU,LIME BULK STORAGE TANK #2,Complete,2024-12-18,161600.0,490.0,452.75,storage_tank,74,62,490.0,448.75,False,False,False,False,False,False,False,False,False,False,False,False,21.0,170.0,0.0,6.0,284.0,9.0
24-065,R2TCONSTRU,LIME BULK STORAGE TANK #1,Complete,2024-12-18,161600.0,490.0,474.5,storage_tank,74,62,490.0,471.5,False,False,False,False,False,False,False,False,False,False,False,False,21.0,170.0,0.0,6.0,284.0,9.0
24-070,R2TCONSTRU,LIME BULK STORAGE TANK #6,Complete,2024-12-18,173970.0,490.0,440.5,storage_tank,74,62,490.0,440.5,False,False,False,False,False,False,False,False,False,False,False,False,21.0,170.0,0.0,6.0,284.0,9.0
24-067,R2TCONSTRU,LIME BULK STORAGE TANK #3,Complete,2024-12-18,169600.0,490.0,458.75,storage_tank,74,62,490.0,452.25,False,False,False,False,False,False,False,False,False,False,False,False,21.0,170.0,0.0,6.0,284.0,9.0
24-062,CONSDESI,CHILL WATER TANK,Complete,2024-12-10,159900.0,533.0,580.0,tank,61,43,533.0,580.0,False,False,False,False,False,False,False,False,False,False,False,False,79.0,256.0,0.0,4.0,188.0,6.0
24-060,GENERA1,NOZZLE SET,Complete,2024-11-18,2500.0,6.0,7.0,other,1,1,6.0,7.0,False,False,False,False,False,False,False,False,False,False,False,False,0.0,0.0,0.0,0.0,6.0,0.0
24-059,LFMULTIC,ROLL HANDRAIL & ANGLE,Active,2024-10-30,1650.0,21.0,12.0,handrail_ladder,4,4,21.0,12.0,False,False,False,False,False,False,False,False,False,False,False,False,0.0,0.0,0.0,0.0,21.0,0.0
24-057,HOLBROOK,FORM (2) CONES,Active,2024-10-18,2800.0,15.0,22.0,other,2,2,15.0,22.0,False,False,False,False,False,False,False,False,False,False,False,False,0.0,0.0,0.0,0.0,15.0,0.0
24-056,GAF11111,(1) SKI PLATE,Complete,2024-09-24,500.0,2.0,1.0,other,1,1,2.0,1.0,False,False,False,False,False,False,False,False,False,False,False,False,0.0,0.0,0.0,0.0,2.0,0.0
24-053,GEOCYCLE,40K GALLON TANK #3,Complete,2024-08-29,226400.0,724.0,767.0,tank,72,61,724.0,730.0,False,False,False,False,False,False,False,False,False,False,False,False,35.0,252.0,0.0,6.0,423.0,8.0
24-054,GEOCYCLE,40K GALLON TANK #4,Complete,2024-08-29,204400.0,684.0,765.75,tank,71,60,684.0,732.75,False,False,False,False,False,False,False,False,False,False,False,False,35.0,252.0,0.0,6.0,383.0,8.0
24-055,GEOCYCLE,40K GALLON TANK #5,Complete,2024-08-29,204400.0,710.0,752.5,tank,72,61,710.0,730.5,False,False,False,False,False,False,False,False,False,False,False,False,35.0,273.0,0.0,6.0,388.0,8.0
24-051,KEMIRAWS,NEW ACID TANK,Complete,2024-08-28,150250.0,308.0,423.5,tank,50,39,308.0,420.5,False,False,False,False,False,False,False,False,False,False,False,False,16.0,149.0,0.0,6.0,134.0,3.0
24-052,KEMIRAWS,ACID OVERFLOW TANK,Complete,2024-08-28,47750.0,167.0,160.5,tank,52,41,167.0,160.5,False,False,False,False,False,False,False,False,False,False,False,False,13.0,71.0,0.0,3.0,78.0,2.0
24-049,ROSENBLAD,ROLL (1) SET OF (5) SHELLS,Complete,2024-08-28,1750.0,8.0,9.0,other,1,1,8.0,9.0,False,False,False,False,False,False,False,False,False,False,False,False,0.0,0.0,0.0,0.0,8.0,0.0
24-046,SYMSENGI,NMP STORAGE TANK (TK-F502R),Active,2024-08-15,197500.0,581.0,492.75,storage_tank,76,62,581.0,492.75,False,False,False,False,False,False,False,False,False,False,False,False,94.0,188.0,0.0,6.0,286.0,7.0
24-045,PISTINDU,OIL/WATER SEPARATION TANK,Active,2024-08-15,42400.0,177.0,196.75,tank,49,39,177.0,196.75,False,False,False,False,False,False,False,False,False,False,False,False,27.0,65.0,0.0,4.0,78.0,3.0
24-048,SYMSENGI,NMP STORAGE TANK (TK-F502),Complete,2024-08-15,195750.0,667.0,684.5,storage_tank,81,63,667.0,684.5,False,False,False,False,False,False,False,False,False,False,False,False,96.0,235.0,0.0,6.0,323.0,7.0
24-047,SYMSENGI,NMP STORAGE TANK (TK-F402),Complete,2024-08-15,195750.0,667.0,672.75,storage_tank,81,63,667.0,670.75,False,False,False,False,False,False,False,False,False,False,False,False,96.0,235.0,0.0,6.0,323.0,7.0
24-044,ROSENBLAD,FORM ELBOWS,Complete,2024-08-02,250.0,1.5,3.0,other,1,1,1.5,3.0,False,False,False,False,False,False,False,False,False,False,False,False,0.0,0.0,0.0,0.0,1.5,0.0
24-042,SHIMAMER,DW STORAGE TANK,Complete,2024-07-17,22500.0,101.0,106.5,storage_tank,48,36,101.0,106.5,False,False,False,False,False,False,False,False,False,False,False,False,8.0,37.0,0.0,3.0,51.0,2.0
24-041,SHERWILL,CAULK HOLD TANK,Complete,2024-07-16,73900.0,183.0,247.25,tank,53,35,183.0,219.25,False,False,False,False,False,False,False,False,False,False,False,False,33.0,53.0,0.0,6.0,88.0,3.0
24-040,FIRSPLAC,CUT AND BEND PLATES,Active,2024-07-12,316.0,1.5,1.5,other,2,2,1.5,1.5,False,False,False,False,False,False,False,False,False,False,False,False,0.0,0.0,0.0,0.0,1.5,0.0
24-039,ROSENBLAD,FORM ELBOWS,Active,2024-06-25,1750.0,10.0,31.5,other,1,1,10.0,31.5,False,False,False,False,False,False,False,False,False,False,False,False,0.0,0.0,0.0,0.0,10.0,0.0
24-038,ROSENBLAD,Form (2) Cones per Customer Drawing,Active,2024-06-11,2500.0,12.0,17.0,other,3,3,12.0,17.0,False,False,False,False,False,False,False,False,False,False,False,False,1.0,0.0,0.0,0.0,10.0,1.0
24-027,GARRMACH,SMALL DRYER PLATE #1,Complete,2024-05-30,21500.0,94.0,74.0,dryer_plate,30,21,94.0,74.0,False,False,False,False,False,False,False,False,False,False,False,False,10.0,55.0,0.0,1.0,27.0,1.0
24-030,GARRMACH,SMALL DRYER PLATE #4,Complete,2024-05-30,21500.0,94.0,55.0,dryer_plate,30,21,94.0,55.0,False,False,False,False,False,False,False,False,False,False,False,False,10.0,55.0,0.0,1.0,27.0,1.0
24-032,GARRMACH,SMALL DRYER PLATE #6,Complete,2024-05-30,21500.0,94.0,77.5,dryer_plate,30,21,94.0,72.5,False,False,False,False,False,False,False,False,False,False,False,False,10.0,55.0,0.0,1.0,27.0,1.0
24-033,GARRMACH,LARGE DRYER PLATE #1,Complete,2024-05-30,28250.0,117.0,70.5,dryer_plate,30,21,117.0,70.5,False,False,False,False,False,False,False,False,False,False,False,False,13.0,73.0,0.0,1.0,29.0,1.0
24-036,GARRMACH,LARGE DRYER PLATE #4,Complete,2024-05-30,28250.0,117.0,61.0,dryer_plate,30,21,117.0,58.5,False,False,False,False,False,False,False,False,False,False,False,False,13.0,73.0,0.0,1.0,29.0,1.0
24-029,GARRMACH,SMALL DRYER PLATE #3,Complete,2024-05-30,21500.0,94.0,61.0,dryer_plate,30,21,94.0,54.5,False,False,False,False,False,False,False,False,False,False,False,False,10.0,55.0,0.0,1.0,27.0,1.0
24-028,GARRMACH,SMALL DRYER PLATE #2,Complete,2024-05-30,21500.0,94.0,69.75,dryer_plate,30,21,94.0,58.5,False,False,False,False,False,False,False,False,False,False,False,False,10.0,55.0,0.0,1.0,27.0,1.0
24-035,GARRMACH,LARGE DRYER PLATE #3,Complete,2024-05-30,28250.0,117.0,65.0,dryer_plate,30,21,117.0,60.0,False,False,False,False,False,False,False,False,False,False,False,False,13.0,73.0,0.0,1.0,29.0,1.0
24-034,GARRMACH,LARGE DRYER PLATE #2,Complete,2024-05-30,28250.0,117.0,74.5,dryer_plate,30,21,117.0,74.5,False,False,False,False,False,False,False,False,False,False,False,False,13.0,73.0,0.0,1.0,29.0,1.0
24-031,GARRMACH,SMALL DRYER PLATE #5,Complete,2024-05-30,21500.0,94.0,64.5,dryer_plate,30,21,94.0,61.0,False,False,False,False,False,False,False,False,False,False,False,False,10.0,55.0,0.0,1.0,27.0,1.0
24-024,GARRMACH,310 SS CYLINDER,Active,2024-05-09,20000.0,45.55,50.5,other,16,11,45.55,50.5,False,False,False,False,False,False,False,False,False,False,False,False,4.0,19.55,0.0,0.0,21.0,1.0
24-023,ROSENBLAD,Rolled Shell Assembly,Complete,2024-05-02,600.0,4.0,2.0,other,2,2,4.0,2.0,False,False,False,False,False,False,False,False,False,False,False,False,0.0,0.0,0.0,0.0,4.0,0.0
24-022,CANNONUSA,(2) SETS LADDERS/HANDRAILS,Complete,2024-04-30,30000.0,94.0,77.0,handrail_ladder,15,9,94.0,77.0,False,False,False,False,False,False,False,False,False,False,False,False,0.0,0.0,0.0,2.0,89.0,3.0
24-008,BLUEOVAL,REPAIR OF 066,Complete,2024-03-18,35750.0,67.0,80.75,other,21,12,67.0,80.75,False,False,False,False,False,False,False,False,False,False,False,False,12.0,38.0,0.0,4.0,11.0,2.0
24-007,BLUEOVAL,REPAIR OF NB #65,Complete,2024-03-18,55000.0,80.0,79.25,other,24,14,80.0,79.25,False,False,False,False,False,False,False,False,False,False,False,False,12.0,43.0,0.0,4.0,19.0,2.0
24-017,PERDUE,RBD OIL TANK #1,Complete,2024-03-15,190500.0,628.0,694.25,tank,73,61,628.0,666.25,False,False,False,False,False,False,False,False,False,False,False,False,80.0,253.0,0.0,7.0,275.0,13.0
24-018,PERDUE,RBD OIL TANK #2,Complete,2024-03-15,190500.0,628.0,657.75,tank,73,61,628.0,634.75,False,False,False,False,False,False,False,False,False,False,False,False,80.0,253.0,0.0,7.0,275.0,13.0
24-019,PERDUE,RBD OIL TANK #3,Complete,2024-03-15,190500.0,599.0,691.0,tank,68,56,599.0,613.0,False,False,False,False,False,False,False,False,False,False,False,False,80.0,243.0,0.0,7.0,256.0,13.0
24-010,BERNHARD,EXTRUSION COOLING WATER TANK,Complete,2024-03-15,247650.0,614.0,608.75,tank,53,41,614.0,608.75,False,False,False,False,False,False,False,False,False,False,False,False,53.0,324.0,0.0,18.0,216.0,3.0
24-012,BERNHARD,TRENCH RETURN TANK (T-2721),Complete,2024-03-15,80200.0,371.0,417.0,tank,54,42,371.0,410.0,False,False,False,False,False,False,False,False,False,False,False,False,38.0,136.0,0.0,12.0,182.0,3.0
24-014,BERNHARD,TRENCH RETURN TANK (T-3721),Complete,2024-03-15,80200.0,371.0,323.0,tank,54,42,371.0,323.0,False,False,False,False,False,False,False,False,False,False,False,False,38.0,136.0,0.0,12.0,182.0,3.0
24-015,BERNHARD,OIL TANK (T-2620),Complete,2024-03-15,217500.0,525.0,621.5,tank,74,62,525.0,589.5,False,False,False,False,False,False,False,False,False,False,False,False,30.0,196.0,0.0,6.0,281.0,12.0
24-009,BERNHARD,TCU COOLING WATER TANK (T-2251),Complete,2024-03-15,222250.0,536.0,491.0,tank,54,42,536.0,476.5,False,False,False,False,False,False,False,False,False,False,False,False,43.0,278.0,0.0,14.0,198.0,3.0
24-011,BERNHARD,CONDENSATE SYS TK (T-2741),Complete,2024-03-15,91750.0,264.0,403.0,other,52,38,264.0,388.5,False,False,False,False,False,False,False,False,False,False,False,False,20.0,135.0,0.0,6.0,100.0,3.0
24-013,BERNHARD,CONDENSATE SYS TK (T-3741),Complete,2024-03-15,91750.0,264.0,371.0,other,52,38,264.0,371.0,False,False,False,False,False,False,False,False,False,False,False,False,20.0,135.0,0.0,6.0,100.0,3.0
24-006,CYTECIND,DTBPO PORTABLE TANK,Complete,2024-02-20,27450.0,99.0,92.5,tank,43,32,99.0,92.5,False,False,False,False,False,False,False,False,False,False,False,False,14.0,24.0,0.0,2.0,58.0,1.0
24-004,KEMIRAWS,SOLUTIZER,Complete,2024-02-16,313000.0,523.0,609.5,other,67,55,523.0,593.5,False,False,False,False,False,False,False,False,False,False,False,False,95.0,171.0,0.0,6.0,236.0,15.0
24-005,KEMIRAWS,OXIDIZER,Complete,2024-02-08,496750.0,975.0,1007.25,other,79,64,975.0,998.25,False,False,False,False,False,False,False,False,False,False,False,False,78.0,438.0,0.0,10.0,429.0,20.0
24-002,NUTRIEN,S33 HAA STRIPPER SEPARATOR,Complete,2024-01-25,36500.0,123.0,107.5,separator,41,31,123.0,106.5,False,False,False,False,False,False,False,False,False,False,False,False,21.0,43.0,0.0,2.0,55.0,2.0
24-003,BAKELITE,AQUEOUS AMMONIA TANK,Complete,2024-01-25,151250.0,571.0,729.75,tank,81,65,571.0,729.75,False,False,False,False,False,False,False,False,False,False,False,False,17.0,198.0,0.0,6.0,336.0,14.0
23-103,GAF11111,SS SKI PLATE,Complete,2023-12-12,1500.0,6.0,0.0,other,1,1,6.0,0.0,False,False,False,False,False,False,False,False,False,False,False,False,0.0,0.0,0.0,0.0,6.0,0.0
23-094,THEINDUS,LINE 2 REFINER FEED TANK,Complete,2023-11-17,92300.0,379.0,332.5,tank,65,53,379.0,330.5,False,False,False,False,False,False,False,False,False,False,False,False,40.0,141.0,0.0,4.0,182.0,12.0
23-095,THEINDUS,LINE 2 REFINED STOCK TANK,Complete,2023-11-17,102050.0,392.0,381.5,tank,65,53,392.0,381.5,False,False,False,False,False,False,False,False,False,False,False,False,40.0,146.0,0.0,4.0,190.0,12.0
23-096,THEINDUS,LINE 2 THERMOFORMER BLEND TANK,Complete,2023-11-17,165817.0,479.0,492.25,tank,67,55,479.0,492.25,False,False,False,False,False,False,False,False,False,False,False,False,48.0,174.0,0.0,4.0,241.0,12.0
23-097,THEINDUS,WOOD PULP LEVELING TANK,Complete,2023-11-17,106895.0,395.0,364.25,tank,65,53,395.0,364.25,False,False,False,False,False,False,False,False,False,False,False,False,40.0,140.0,0.0,4.0,199.0,12.0
23-098,THEINDUS,LINE 1 REFINER FEED TANK,Complete,2023-11-17,99894.0,392.0,332.5,tank,65,53,392.0,332.5,False,False,False,False,False,False,False,False,False,False,False,False,40.0,140.0,0.0,4.0,196.0,12.0
23-099,THEINDUS,LINE 1 REFINED STOCK TANK,Complete,2023-11-17,117500.0,455.0,388.25,tank,67,55,455.0,388.25,False,False,False,False,False,False,False,False,False,False,False,False,48.0,174.0,0.0,4.0,217.0,12.0
23-100,THEINDUS,LINE 1A THERMOFORMER BLEND TANK,Complete,2023-11-17,144750.0,455.0,530.5,tank,67,55,455.0,507.0,False,False,False,False,False,False,False,False,False,False,False,False,48.0,174.0,0.0,4.0,217.0,12.0
23-101,THEINDUS,LINE 1B THERMOFORMER BLEND TANK,Complete,2023-11-17,144750.0,455.0,406.0,tank,67,55,455.0,406.0,False,False,False,False,False,False,False,False,False,False,False,False,48.0,174.0,0.0,4.0,217.0,12.0
23-074,GEOCYCLE,40K GALLON TANK #2,Complete,2023-10-12,198750.0,677.0,770.5,tank,70,59,677.0,770.5,False,False,False,False,False,False,False,False,False,False,False,False,21.0,279.0,0.0,6.0,363.0,8.0
23-073,GEOCYCLE,40K GALLON TANK #1,Complete,2023-10-11,198750.0,677.0,716.75,tank,70,59,677.0,713.75,False,False,False,False,False,False,False,False,False,False,False,False,21.0,279.0,0.0,6.0,363.0,8.0
23-071,LIOCHEM1,"13,000 GAL STORAGE TANK",Complete,2023-10-09,96350.0,388.0,418.0,storage_tank,65,53,388.0,418.0,False,False,False,False,False,False,False,False,False,False,False,False,54.0,115.0,0.0,4.0,203.0,12.0
23-070,SYMSENGI,NMP STORAGE TANK (TK-F302),Complete,2023-09-13,176900.0,604.0,620.5,storage_tank,75,62,604.0,605.5,False,False,False,False,False,False,False,False,False,False,False,False,94.0,197.0,0.0,6.0,300.0,7.0
23-067,SYMSENGI,NMP WASTE TANK (TK-F103),Complete,2023-09-13,164400.0,481.0,546.5,tank,71,58,481.0,537.0,False,False,False,False,False,False,False,False,False,False,False,False,88.0,144.0,0.0,6.0,236.0,7.0
23-068,SYMSENGI,NMP STORAGE TANK (TK-F102),Complete,2023-09-13,176900.0,604.0,740.75,storage_tank,75,62,604.0,714.25,False,False,False,False,False,False,False,False,False,False,False,False,94.0,197.0,0.0,6.0,300.0,7.0
23-069,SYMSENGI,NMP STORAGE TANK (TK-F202),Complete,2023-09-13,176900.0,604.0,626.0,storage_tank,75,62,604.0,626.0,False,False,False,False,False,False,False,False,False,False,False,False,94.0,197.0,0.0,6.0,300.0,7.0
23-065,HALOPROD,REBOILER W/BONNET,Complete,2023-09-07,41950.0,72.0,106.0,other,35,20,72.0,67.0,False,False,False,False,False,False,False,False,False,False,False,False,14.0,19.0,0.0,1.0,34.0,4.0
23-063,SOLVSPEC,T-4575,Complete,2023-08-11,90000.0,321.0,270.0,other,67,53,321.0,270.0,False,False,False,False,False,False,False,False,False,False,False,False,37.0,121.0,0.0,5.0,153.0,5.0
23-064,SOLVSPEC,T-4559,Complete,2023-08-11,90000.0,321.0,274.5,other,67,53,321.0,269.5,False,False,False,False,False,False,False,False,False,False,False,False,37.0,121.0,0.0,5.0,153.0,5.0
23-062,SOLVSPEC,R-4203 WASH VESSEL,Complete,2023-08-11,337300.0,800.0,919.0,vessel,71,57,800.0,894.5,False,False,False,False,False,False,False,False,False,False,False,False,80.0,541.0,0.0,4.0,169.0,6.0
23-061,EPICSYST,V-120,Complete,2023-08-08,23550.0,100.0,91.0,other,43,30,100.0,91.0,False,False,False,False,False,False,False,False,False,False,False,False,16.0,42.0,0.0,2.0,39.0,1.0
23-057,EPICSYST,TK-300,Complete,2023-08-08,32800.0,150.0,139.25,other,50,39,150.0,136.5,False,False,False,False,False,False,False,False,False,False,False,False,20.0,60.0,0.0,4.0,64.0,2.0
23-058,EPICSYST,TK-600,Complete,2023-08-08,28800.0,107.0,126.0,other,50,39,107.0,119.0,False,False,False,False,False,False,False,False,False,False,False,False,15.0,46.0,0.0,2.0,43.0,1.0
23-059,EPICSYST,TK-720,Complete,2023-08-08,34300.0,132.0,115.0,other,50,39,132.0,115.0,False,False,False,False,False,False,False,False,False,False,False,False,18.0,55.0,0.0,2.0,55.0,2.0
23-060,EPICSYST,V-100,Complete,2023-08-08,28300.0,121.0,131.0,other,51,38,121.0,125.0,False,False,False,False,False,False,False,False,False,False,False,False,17.0,52.0,0.0,2.0,48.0,2.0
23-055,AJAYNAMER,C276 REACTOR,Complete,2023-07-25,218500.0,254.0,319.0,reactor,60,47,254.0,317.0,False,False,False,False,False,False,False,False,False,False,False,False,43.0,143.0,0.0,2.0,64.0,2.0
23-054,LIOCHEM1,100KL SOLVENT TANK,Complete,2023-07-19,125250.0,453.0,520.5,tank,73,61,453.0,510.5,False,False,False,False,False,False,False,False,False,False,False,False,51.0,143.0,0.0,4.0,242.0,13.0
23-053,LIOCHEM1,100KL SOLVENT TANK,Complete,2023-07-19,125250.0,453.0,579.5,tank,73,61,453.0,555.5,False,False,False,False,False,False,False,False,False,False,False,False,51.0,143.0,0.0,4.0,242.0,13.0
23-051,KOCHMODU,C-100 COLUMN ASSEMBLY,Complete,2023-06-22,149400.0,621.0,1341.5,other,66,52,621.0,1247.5,False,False,False,False,False,False,False,False,False,False,False,False,23.0,384.0,0.0,6.0,203.0,5.0
23-052,KOCHMODU,V-1OO COLUMN DECANTER,Complete,2023-06-22,45900.0,167.0,236.0,other,54,40,167.0,207.0,False,False,False,False,False,False,False,False,False,False,False,False,13.0,85.0,0.0,3.0,64.0,2.0
23-047,ARCHWOOD,V-3230 MCA STORAGE TANK,Complete,2023-06-05,155000.0,674.0,726.25,storage_tank,74,62,674.0,726.25,False,False,False,False,False,False,False,False,False,False,False,False,58.0,275.0,0.0,4.0,325.0,12.0
23-045,ARCHWOOD,V-3210 MCA STORAGE TANK,Complete,2023-06-05,155000.0,674.0,792.0,storage_tank,74,62,674.0,780.0,False,False,False,False,False,False,False,False,False,False,False,False,58.0,275.0,0.0,4.0,325.0,12.0
23-048,ARCHWOOD,V-3240 MCA STORAGE TANK,Complete,2023-06-05,155000.0,670.0,702.25,storage_tank,74,62,670.0,694.75,False,False,False,False,False,False,False,False,False,False,False,False,58.0,275.0,0.0,4.0,321.0,12.0
23-044,ARCHWOOD,V-3200 ETHACRYL STORAGE TANK,Complete,2023-06-05,133750.0,675.0,938.0,storage_tank,73,61,675.0,938.0,False,False,False,False,False,False,False,False,False,False,False,False,56.0,257.0,0.0,4.0,346.0,12.0
23-046,ARCHWOOD,V-3220 MCA STORAGE TANK,Complete,2023-06-05,155000.0,674.0,744.0,storage_tank,74,62,674.0,744.0,False,False,False,False,False,False,False,False,False,False,False,False,58.0,275.0,0.0,4.0,325.0,12.0
23-042,ENCHEMAM,300 M3 SS API TANK (FIELD KIT),Active,2023-06-02,208250.0,661.0,648.5,tank,51,39,661.0,648.5,False,False,False,False,False,False,False,False,False,False,False,False,55.0,15.0,0.0,2.0,574.0,15.0
23-041,ENCHEMAM,300 M3 SS API TANK (FIELD KIT),Complete,2023-06-02,208250.0,694.0,909.75,tank,52,40,694.0,909.75,False,False,False,False,False,False,False,False,False,False,False,False,55.0,15.0,0.0,2.0,607.0,15.0
23-040,VALMONT,"6,000 GAL STORAGE TANK",Complete,2023-05-30,105150.0,441.0,497.75,storage_tank,59,49,441.0,493.25,False,False,False,False,False,False,False,False,False,False,False,False,56.0,262.0,0.0,4.0,115.0,4.0
23-038,CORROCOAT,REPLACEMENT PARTS,Active,2023-05-25,5175.0,2.0,4.0,other,1,1,2.0,4.0,False,False,False,False,False,False,False,False,False,False,False,False,0.0,0.0,0.0,0.0,2.0,0.0
23-036,ALPHAPET,L1 EXPANSION TANK,Complete,2023-05-19,38400.0,156.0,149.0,tank,47,33,156.0,149.0,False,False,False,False,False,False,False,False,False,False,False,False,12.0,66.0,0.0,3.0,73.0,2.0
23-037,ALPHAPET,L2 EXPANSION TANK,Complete,2023-05-19,38400.0,156.0,159.0,tank,47,33,156.0,159.0,False,False,False,False,False,False,False,False,False,False,False,False,12.0,66.0,0.0,3.0,73.0,2.0
23-035,CYTECIND,T-4922 REPLACEMENT,Complete,2023-05-15,26000.0,90.0,87.0,other,43,30,90.0,87.0,False,False,False,False,False,False,False,False,False,False,False,False,15.0,48.0,0.0,2.0,24.0,1.0
23-034,ANDRITZI,3RD EFFECT FOUL CONDENSATE TANK,Complete,2023-05-09,17500.0,86.0,98.0,tank,43,30,86.0,98.0,False,False,False,False,False,False,False,False,False,False,False,False,13.0,38.0,0.0,2.0,32.0,1.0
23-033,SYMRISE,ADD CAGE TO LADDER,Complete,2023-05-03,3900.0,16.0,17.0,handrail_ladder,6,6,16.0,17.0,False,False,False,False,False,False,False,False,False,False,False,False,0.0,0.0,0.0,0.0,9.0,7.0
23-032,CYTECIND,CAUSTIC STORAGE TANK,Complete,2023-04-27,43500.0,158.0,168.25,storage_tank,47,37,158.0,168.25,False,False,False,False,False,False,False,False,False,False,False,False,28.0,74.0,0.0,2.0,52.0,2.0
23-028,COLOCHEM,R16 RECEIVER,Complete,2023-04-11,72425.0,204.0,253.0,other,54,41,204.0,249.0,False,False,False,False,False,False,False,False,False,False,False,False,31.0,107.0,0.0,4.0,60.0,2.0
23-029,COLOCHEM,R17 RECEIVER,Complete,2023-04-11,72425.0,204.0,223.5,other,54,41,204.0,223.5,False,False,False,False,False,False,False,False,False,False,False,False,31.0,107.0,0.0,4.0,60.0,2.0
23-030,SYMSENGI,NMP STORAGE TANK (TK-F302),Complete,2023-04-11,193000.0,569.0,636.75,storage_tank,72,61,569.0,633.75,False,False,False,False,False,False,False,False,False,False,False,False,94.0,197.0,0.0,6.0,265.0,7.0
23-031,SYMSENGI,NMP STORAGE TANK (TK-402),Complete,2023-04-11,193000.0,569.0,607.0,storage_tank,72,61,569.0,598.0,False,False,False,False,False,False,False,False,False,False,False,False,94.0,197.0,0.0,6.0,265.0,7.0
23-027,SYMSENGI,NMP STORAGE TANK (TK-F202),Complete,2023-04-10,185000.0,569.0,721.25,storage_tank,72,61,569.0,706.75,False,False,False,False,False,False,False,False,False,False,False,False,94.0,197.0,0.0,6.0,265.0,7.0
23-026,SOLVSPEC,"10,000 GAL BLEND TANK",Complete,2023-04-04,205500.0,710.0,912.25,tank,85,71,710.0,912.25,False,False,False,False,False,False,False,False,False,False,False,False,53.0,251.0,0.0,6.0,388.0,12.0
23-025,LEARWEST,(4) ROLLED RINGS,Active,2023-03-29,4700.0,5.0,6.0,other,2,2,5.0,6.0,False,False,False,False,False,False,False,False,False,False,False,False,0.0,0.0,0.0,0.0,5.0,0.0
23-024,ANDRITZI,1A DOME REPLACEMENT,Complete,2023-03-23,60500.0,109.0,178.0,other,30,21,109.0,150.5,False,False,False,False,False,False,False,False,False,False,False,False,7.0,28.0,0.0,1.0,72.0,1.0
23-023,SYMRISE,R-507 REACTOR,Complete,2023-03-22,709250.0,1398.0,2006.5,reactor,88,71,1398.0,1971.5,False,False,False,False,False,False,False,False,False,False,False,False,91.0,515.0,0.0,6.0,766.0,20.0
23-022,SAVATANK,SAVANNAH TANK DEMO,Active,2023-03-16,1.0,17.0,5.0,tank,26,14,17.0,5.0,False,False,False,False,False,False,False,False,False,False,False,False,2.0,7.0,0.0,0.0,8.0,0.0
23-020,SYMSENGI,NMP STORAGE TANK (TK-F102),Complete,2023-03-14,199500.0,569.0,690.75,storage_tank,72,61,569.0,690.75,False,False,False,False,False,False,False,False,False,False,False,False,94.0,197.0,0.0,6.0,265.0,7.0
23-021,SYMSENGI,NMP WASTE TANK (TK-F103),Complete,2023-03-14,122000.0,458.0,462.5,tank,71,59,458.0,462.5,False,False,False,False,False,False,False,False,False,False,False,False,88.0,145.0,0.0,6.0,212.0,7.0
23-019,ZACHGROU,"10,000 GAL HORIZONTAL TANK",Complete,2023-03-07,121150.0,399.0,544.75,tank,58,46,399.0,537.75,False,False,False,False,False,False,False,False,False,False,False,False,13.0,146.0,0.0,5.0,231.0,4.0
23-016,COLOCHEM,M9 MIXING TANK REPLACEMENT,Complete,2023-02-28,343500.0,675.0,1083.75,tank,64,53,675.0,1080.75,False,False,False,False,False,False,False,False,False,False,False,False,60.0,460.0,0.0,4.0,146.0,5.0
23-018,COLOCHEM,PNTSA CRYSTALIZER,Complete,2023-02-28,158700.0,427.0,671.5,other,64,51,427.0,648.5,False,False,False,False,False,False,False,False,False,False,False,False,42.0,272.0,0.0,4.0,104.0,5.0
23-015,KRATCHEM,T-910 TANK,Complete,2023-02-21,197650.0,556.0,653.75,tank,68,56,556.0,651.25,False,False,False,False,False,False,False,False,False,False,False,False,61.0,197.0,0.0,14.0,279.0,5.0
23-014,REICHHOLD,PHTALIC TANK,Complete,2023-02-21,234320.0,740.0,1122.25,tank,77,65,740.0,1099.75,False,False,False,False,False,False,False,False,False,False,False,False,77.0,330.0,0.0,5.0,322.0,6.0
23-007,ZACHGROU,"7,000 GAL HORIZONTAL TANK",Complete,2023-02-13,101750.0,396.0,465.25,tank,64,49,396.0,465.25,False,False,False,False,False,False,False,False,False,False,False,False,18.0,172.0,0.0,10.0,190.0,6.0
23-004,SYMSENGI,NMP STORAGE TANK (TK-F702),Complete,2023-02-01,174500.0,569.0,740.75,storage_tank,73,61,569.0,735.75,False,False,False,False,False,False,False,False,False,False,False,False,94.0,197.0,0.0,6.0,265.0,7.0
23-006,SYMSENGI,NMP STORAGE TANK (TK-F802),Complete,2023-02-01,174500.0,569.0,651.5,storage_tank,73,61,569.0,649.0,False,False,False,False,False,False,False,False,False,False,False,False,94.0,197.0,0.0,6.0,265.0,7.0
23-005,SYMSENGI,NMP STORAGE TANK (TK-F602),Complete,2023-02-01,174500.0,569.0,700.5,storage_tank,73,61,569.0,694.0,False,False,False,False,False,False,False,False,False,False,False,False,94.0,197.0,0.0,6.0,265.0,7.0
23-002,CANNONUSA,"12,000 GAL CST STORAGE TK #1",Complete,2023-01-24,75250.0,290.0,331.5,other,62,51,290.0,329.0,False,False,False,False,False,False,False,False,False,False,False,False,19.0,126.0,0.0,6.0,133.0,6.0
23-003,CANNONUSA,"12,000 GAL CST STORAGE TAK",Complete,2023-01-24,75250.0,290.0,352.75,other,62,51,290.0,337.25,False,False,False,False,False,False,False,False,False,False,False,False,19.0,126.0,0.0,6.0,133.0,6.0
23-001,ANDRITZI,(16) PERFORATED SCREENS,Complete,2023-01-16,10900.0,9.0,3.0,other,4,4,9.0,3.0,False,False,False,False,False,False,False,False,False,False,False,False,1.0,0.0,0.0,0.0,7.0,1.0
