Job,Customer,Description,Status,Order_Date,Est_Total_Hrs,Act_Total_Hrs,Total_Price,material_grade,max_plate_thickness,plate_count,nozzle_count,flange_count,max_flange_size,head_count,has_code_stamp,total_material_cost,certs_required_count,capacity_gal,tank_type,is_batch,batch_size
26-054,MOUNCEME,"20,000 GAL AMMONIA TANK",Active,2026-04-15,0.0,0.0,122000.0,UNKNOWN,0.0,0,0,0,0.0,0,False,0.0,0,20000,tank,False,1
26-046,WEYERHAEU,RESIN STORAGE TANK #2,Active,2026-04-14,0.0,0.0,169000.0,UNKNOWN,0.0,0,0,0,0.0,0,False,0.0,0,0,storage_tank,False,1
26-047,WEYERHAEU,RESIN STORAGE TANK #3,Active,2026-04-14,0.0,0.0,169000.0,UNKNOWN,0.0,0,0,0,0.0,0,False,0.0,0,0,storage_tank,False,1
26-048,WEYERHAEU,RELEASE AGENT STORAGE TANK,Active,2026-04-14,0.0,0.0,151500.0,UNKNOWN,0.0,0,0,0,0.0,0,False,0.0,0,0,storage_tank,False,1
26-045,WEYERHAEU,RESIGN STORAGE TANK #1,Active,2026-04-14,0.0,0.0,169000.0,UNKNOWN,0.0,0,0,0,0.0,0,False,0.0,0,0,storage_tank,False,1
26-049,WEYERHAEU,WAX STORAGE TANK #1,Active,2026-04-14,0.0,0.0,165250.0,UNKNOWN,0.0,0,0,0,0.0,0,False,0.0,0,0,storage_tank,False,1
26-050,WEYERHAEU,WAX STORAGE TANK #2,Active,2026-04-14,0.0,0.0,165250.0,UNKNOWN,0.0,0,0,0,0.0,0,False,0.0,0,0,storage_tank,False,1
26-051,WEYERHAEU,RAW WATER TANK,Active,2026-04-14,0.0,0.0,173750.0,UNKNOWN,0.0,0,0,0,0.0,0,False,0.0,0,0,tank,False,1
26-052,WEYERHAEU,FEED WATER TANK,Active,2026-04-14,0.0,0.0,173750.0,UNKNOWN,0.0,0,0,0,0.0,0,False,0.0,0,0,tank,False,1
26-053,WEYERHAEU,EFFLUENT WATER TANK,Active,2026-04-14,0.0,0.0,122000.0,UNKNOWN,0.0,0,0,0,0.0,0,False,0.0,0,0,tank,False,1
26-044,VERTCORP,25 ALTERATIONS TO BUFFER TANKS,Active,2026-04-08,0.0,0.0,106250.0,UNKNOWN,0.0,0,0,0,0.0,0,False,0.0,0,0,buffer_tank,False,1
26-034,RECOCOMM,THERMAL ENERGY STORAGE TANK #1 OF 10,Active,2026-04-06,0.0,0.0,182500.0,SA516,0.5,4,0,0,0.0,2,False,40223.53,0,0,storage_tank,True,10
26-035,RECOCOMM,THERMAL ENERGY STORAGE TANK #2 OF 10,Active,2026-04-06,0.0,0.0,182500.0,SA516,0.5,4,0,0,0.0,2,False,40223.53,0,0,storage_tank,True,10
26-036,RECOCOMM,THERMAL ENERGY STORAGE TANK #3 OF 10,Active,2026-04-06,0.0,0.0,182500.0,SA516,0.5,4,0,0,0.0,2,False,40223.53,0,0,storage_tank,True,10
26-037,RECOCOMM,THERMAL ENERGY STORAGE TANK #4 OF 10,Active,2026-04-06,0.0,0.0,182500.0,SA516,0.5,4,0,0,0.0,2,False,40223.53,0,0,storage_tank,True,10
26-038,RECOCOMM,THERMAL ENERGY STORAGE TANK #5 OF 10,Active,2026-04-06,0.0,0.0,182500.0,SA516,0.5,4,0,0,0.0,2,False,40223.53,0,0,storage_tank,True,10
26-039,RECOCOMM,THERMAL ENERGY STORAGE TANK #6 OF 10,Active,2026-04-06,0.0,0.0,182500.0,SA516,0.5,4,0,0,0.0,2,False,40223.53,0,0,storage_tank,True,10
26-040,RECOCOMM,THERMAL ENERGY STORAGE TANK #7 OF 10,Active,2026-04-06,0.0,0.0,182500.0,SA516,0.5,4,0,0,0.0,2,False,40223.53,0,0,storage_tank,True,10
26-041,RECOCOMM,THERMAL ENERGY STORAGE TANK #8 OF 10,Active,2026-04-06,0.0,0.0,182500.0,SA516,0.5,4,0,0,0.0,2,False,40223.53,0,0,storage_tank,True,10
26-042,RECOCOMM,THERMAL ENERGY STORAGE TANK #9 OF 10,Active,2026-04-06,0.0,0.0,182500.0,SA516,0.5,4,0,0,0.0,2,False,40223.53,0,0,storage_tank,True,10
26-043,RECOCOMM,THERMAL ENERGY STORAGE TANK #10 OF 10,Active,2026-04-06,0.0,0.0,182500.0,SA516,0.5,4,0,0,0.0,2,False,40223.53,0,0,storage_tank,True,10
1187,,,Active,2026-03-30,0.0,0.0,0.0,UNKNOWN,0.0,0,0,0,0.0,0,False,0.0,0,0,unknown,False,1
26-032,KIMBCLAR,DRAINAGE BOX SEPARATOR,Active,2026-03-25,0.0,0.0,104725.0,316L,0.3125,4,0,3,36.0,2,False,47017.56,0,0,separator,False,1
26-033,KIMBCLAR,SEAL TANK,Active,2026-03-25,0.0,0.0,19000.0,UNKNOWN,0.0,0,0,0,0.0,0,False,0.0,0,0,tank,False,1
26-031,SOLVSPEC,CRUDE CRYSTALIZER SURGE DRUM,Active,2026-03-24,0.0,0.0,913600.0,UNKNOWN,0.5,6,0,0,0.0,2,False,628062.6,0,0,surge_tank,False,1
26-027,KEMIRAWS,T-103R DRAWING,Active,2026-03-20,0.0,0.0,6075.0,UNKNOWN,0.0,0,0,0,0.0,0,False,0.0,0,0,other,False,1
26-028,KEMIRAWS,T-107R DRAWING,Active,2026-03-20,0.0,0.0,6025.0,UNKNOWN,0.0,0,0,0,0.0,0,False,0.0,0,0,other,False,1
26-029,AMERTERP,ALLOWABLE NOZZLE LOAD ANALYSIS,Active,2026-03-20,0.0,0.0,500.0,UNKNOWN,0.0,0,0,0,0.0,0,False,0.0,0,0,other,False,1
26-030,AMERTERP,0.374 SHELL_205-14 REPLACEMENT,Active,2026-03-20,0.0,0.0,109000.0,316L,0.375,2,0,0,0.0,2,False,15237.53,0,0,other,False,1
26-026,ANDRITZI,STEAM PIPE REPAIR PIECES,Active,2026-03-16,0.0,0.0,2650.0,2205,0.25,2,0,0,0.0,0,False,884.1,0,0,other,False,1
26-025,BLAKPEND,AIR RECEIVER TANK,Active,2026-03-11,0.0,0.0,60000.0,SA516,0.625,2,0,0,0.0,2,False,14217.619999999999,0,0,tank,False,1
26-024,POLYCOMP,WATER TANK,Active,2026-03-05,0.0,0.0,19500.0,304L,0.1875,2,0,0,0.0,2,False,3352.16,0,0,tank,False,1
26-023,SAVATANK,DEMO TANK,Active,2026-03-05,17.0,0.0,1.0,CS,0.0,0,6,4,6.0,0,False,369.74,0,0,tank,False,1
26-022,ANDRITZI,WASH LIQUOR FLASH TANK,Active,2026-02-17,0.0,0.0,70000.0,304L,0.25,4,0,0,0.0,2,False,14996.29,0,0,flash_tank,False,1
26-020,USSUGARC,SECONDARY SCREENED JUICE TANK C,Active,2026-02-05,0.0,0.0,66000.0,304L,0.375,8,5,6,20.0,0,False,18179.800000000003,0,0,tank,False,1
26-021,USSUGARC,PRIMARY SCREENED JUICE TANK C,Active,2026-02-05,0.0,0.0,73750.0,304L,0.375,8,3,6,20.0,0,False,16078.03,0,0,tank,False,1
26-019,GENERA1,NOZZLES W/REPADS,Active,2026-01-28,0.0,0.0,2600.0,304L,0.0,0,4,4,6.0,0,False,667.9499999999999,0,0,other,False,1
MAT1,,,Closed,2026-01-28,0.0,0.0,0.0,304L,0.625,19,6,2,10.0,0,False,513.9000000000001,0,0,unknown,False,1
26-005,USSUGARC,POLISHING/TRAP FILTER BLOWDN TANK,Active,2026-01-19,0.0,0.0,45500.0,304L,0.1875,4,11,12,10.0,0,False,11870.029999999999,0,0,tank,False,1
26-006,VERTCORP,TEMP SENSOR SHIPMENT 1,Active,2026-01-19,0.0,0.0,92400.0,UNKNOWN,0.0,0,0,0,0.0,0,False,58691.649999999994,0,0,other,False,1
26-007,VERTCORP,TEMP SENSOR SHIPMENT 2,Active,2026-01-19,0.0,0.0,123200.0,UNKNOWN,0.0,0,0,0,0.0,0,False,156706.73,0,0,other,False,1
26-002,FLOQENGI,RAIL BUFFER TANK #1,Active,2026-01-19,0.0,0.0,150750.0,304L,0.625,8,0,0,0.0,0,False,63798.990000000005,0,0,buffer_tank,False,1
26-003,FLOQENGI,RAIL BUFFER TANK #2,Active,2026-01-19,0.0,0.0,150750.0,304L,0.625,8,0,0,0.0,0,False,54835.18,0,0,buffer_tank,False,1
26-004,FLOQENGI,RAIL BUFFER TANK #3,Active,2026-01-19,0.0,0.0,150750.0,304L,0.625,8,0,0,0.0,0,False,54835.18,0,0,buffer_tank,False,1
26-008,VERTCORP,TEMP SENSOR SHIPMENT 3,Active,2026-01-19,0.0,0.0,169400.0,UNKNOWN,0.0,0,0,0,0.0,0,False,162049.37,0,0,other,False,1
26-009,VERTCORP,TEMP SENSOR SHIPMENT 4,Active,2026-01-19,0.0,0.0,107800.0,UNKNOWN,0.0,0,0,0,0.0,0,False,67738.17,0,0,other,False,1
26-010,VERTCORP,TEMP SENSOR SHIPMENT 5,Active,2026-01-19,0.0,0.0,123200.0,UNKNOWN,0.0,0,0,0,0.0,0,False,76445.26000000001,0,0,other,False,1
26-011,VERTCORP,TEMP SENSOR SHIPMENT 6,Active,2026-01-19,0.0,0.0,107800.0,UNKNOWN,0.0,0,0,0,0.0,0,False,67398.74,0,0,other,False,1
26-012,VERTCORP,TEMP SENSOR SHIPMENT 7,Active,2026-01-19,0.0,0.0,92400.0,UNKNOWN,0.0,0,0,0,0.0,0,False,58352.22,0,0,other,False,1
26-013,VERTCORP,TEMP SENSOR SHIPMENT 8,Active,2026-01-19,0.0,0.0,46200.0,UNKNOWN,0.0,0,0,0,0.0,0,False,31212.659999999996,0,0,other,False,1
26-001,SYNTHOMER,25-356 CHANGE ORDER,Active,2026-01-19,0.0,0.0,42250.0,UNKNOWN,0.0,0,0,0,0.0,0,False,0.0,0,0,other,False,1
26-016,FLOQENGI,R3 REACTOR,Active,2026-01-13,0.0,0.0,165000.0,316L,0.3125,6,2,0,0.0,2,False,64823.84999999999,0,0,reactor,False,1
26-015,FLOQENGI,R2 REACTOR,Active,2026-01-13,0.0,0.0,114000.0,2205,0.3125,4,2,0,0.0,2,False,67473.7,0,0,reactor,False,1
26-017,FLOQENGI,EPI TANK #1,Active,2026-01-13,0.0,0.0,207000.0,316L,0.3125,8,0,0,0.0,2,False,122890.2,0,0,tank,False,1
26-018,FLOQENGI,EPI TANK #2,Active,2026-01-13,0.0,0.0,207000.0,316L,0.3125,8,0,0,0.0,2,False,122890.2,0,0,tank,False,1
26-014,FLOQENGI,R1 REACTOR,Active,2026-01-13,0.0,0.0,143500.0,2205,0.25,4,2,0,0.0,2,False,50413.51000000001,0,0,reactor,False,1
25-127,VERTCORP,BUFFER TANK 4 OF 224,Active,2026-01-13,74.0,77.75,20500.0,316L,0.25,2,6,2,8.0,2,False,1363.75,0,0,buffer_tank,True,224
25-134,VERTCORP,BUFFER TANK 11 OF 224,Active,2026-01-13,74.0,49.5,20500.0,316L,0.25,2,6,2,8.0,2,False,1363.75,0,0,buffer_tank,True,224
25-128,VERTCORP,BUFFER TANK 5 OF 224,Complete,2026-01-13,74.0,54.75,20500.0,316L,0.25,2,6,2,8.0,2,False,1363.75,0,0,buffer_tank,True,224
25-170,VERTCORP,BUFFER TANK 47 OF 224,Active,2026-01-02,74.0,8.5,20500.0,316L,0.25,2,6,2,8.0,2,False,1363.75,0,0,buffer_tank,True,224
25-171,VERTCORP,BUFFER TANK 48 OF 224,Active,2026-01-02,74.0,7.5,20500.0,316L,0.25,2,6,2,8.0,2,False,1363.75,0,0,buffer_tank,True,224
25-308,VERTCORP,BUFFER TANK 185 OF 224,Active,2026-01-02,74.0,1.0,20500.0,316L,0.25,2,6,2,8.0,2,False,1363.75,0,0,buffer_tank,True,224
25-357,SYLVAMO,SEAL TANK STAND PIPE,Active,2025-12-30,0.0,0.0,55750.0,304L,0.25,6,6,11,36.0,0,False,21483.78,0,0,tank,False,1
25-358,SYLVAMO,RECTANGULAR SEAL TANK,Active,2025-12-30,0.0,0.0,79500.0,304L,0.625,8,4,5,14.0,0,False,24145.739999999998,0,0,tank,False,1
25-356,SYNTHOMER,EMULSION TANK,Active,2025-12-18,0.0,0.0,114750.0,304L,0.5,9,10,16,18.0,2,True,64638.15,0,0,tank,False,1
25-135,VERTCORP,BUFFER TANK 12 OF 224,Active,2025-12-15,74.0,61.5,20500.0,316L,0.25,2,6,2,8.0,2,False,1363.75,0,0,buffer_tank,True,224
25-125,VERTCORP,BUFFER TANK 2 OF 224,Active,2025-12-15,74.0,71.75,20500.0,316L,0.25,2,6,2,8.0,2,False,1363.75,0,0,buffer_tank,True,224
25-172,VERTCORP,BUFFER TANK 49 OF 224,Active,2025-12-15,74.0,7.25,20500.0,316L,0.25,2,6,2,8.0,2,False,1363.75,0,0,buffer_tank,True,224
25-173,VERTCORP,BUFFER TANK 50 OF 224,Active,2025-12-15,74.0,7.5,20500.0,316L,0.25,2,6,2,8.0,2,False,1363.75,0,0,buffer_tank,True,224
25-149,VERTCORP,BUFFER TANK 26 OF 224,Active,2025-12-15,74.0,30.5,20500.0,316L,0.25,2,6,2,8.0,2,False,1363.75,0,0,buffer_tank,True,224
25-164,VERTCORP,BUFFER TANK 41 OF 224,Active,2025-12-15,74.0,22.5,20500.0,316L,0.25,2,6,2,8.0,2,False,1363.75,0,0,buffer_tank,True,224
25-121,KIMBCLAR,DUMP CHEST TANK,Active,2025-12-15,0.0,0.0,142750.0,316L,0.25,4,0,0,0.0,0,False,29212.940000000002,0,0,tank,False,1
25-354,VERTCORP,EXP TANK SHIPMENT 7 (24),Active,2025-12-15,0.0,0.0,39600.0,UNKNOWN,0.0,0,0,0,0.0,0,False,13920.0,0,0,tank,False,1
25-349,VERTCORP,EXP TANK SHIPMENT 2 (32),Active,2025-12-15,0.0,0.0,52800.0,UNKNOWN,0.0,0,0,0,0.0,0,False,18560.0,0,0,tank,False,1
25-348,VERTCORP,EXP TANK SHIPMENT 1 (24),Active,2025-12-15,0.0,0.0,39600.0,UNKNOWN,0.0,0,0,0,0.0,0,False,13920.0,0,0,tank,False,1
25-132,VERTCORP,BUFFER TANK 9 OF 224,Active,2025-12-15,74.0,61.5,20500.0,316L,0.25,2,6,2,8.0,2,False,5329.75,0,0,buffer_tank,True,224
25-137,VERTCORP,BUFFER TANK 14 OF 224,Active,2025-12-15,74.0,47.25,20500.0,316L,0.25,2,6,2,8.0,2,False,1363.75,0,0,buffer_tank,True,224
25-140,VERTCORP,BUFFER TANK 17 OF 224,Active,2025-12-15,74.0,41.75,20500.0,316L,0.25,2,6,2,8.0,2,False,1363.75,0,0,buffer_tank,True,224
25-142,VERTCORP,BUFFER TANK 19 OF 224,Active,2025-12-15,74.0,55.0,20500.0,316L,0.25,2,6,2,8.0,2,False,1363.75,0,0,buffer_tank,True,224
25-143,VERTCORP,BUFFER TANK 20 OF 224,Active,2025-12-15,74.0,48.25,20500.0,316L,0.25,2,6,2,8.0,2,False,1363.75,0,0,buffer_tank,True,224
25-145,VERTCORP,BUFFER TANK 22 OF 224,Active,2025-12-15,74.0,41.25,20500.0,316L,0.25,2,6,2,8.0,2,False,1363.75,0,0,buffer_tank,True,224
25-146,VERTCORP,BUFFER TANK 23 OF 224,Active,2025-12-15,74.0,46.75,20500.0,316L,0.25,2,6,2,8.0,2,False,1363.75,0,0,buffer_tank,True,224
25-133,VERTCORP,BUFFER TANK 10 OF 224,Active,2025-12-15,74.0,53.25,20500.0,316L,0.25,2,6,2,8.0,2,False,2863.75,0,0,buffer_tank,True,224
25-126,VERTCORP,BUFFER TANK 3 OF 224,Active,2025-12-15,74.0,66.5,20500.0,316L,0.25,2,6,2,8.0,2,False,1363.75,0,0,buffer_tank,True,224
25-138,VERTCORP,BUFFER TANK 15 OF 224,Active,2025-12-15,74.0,41.0,20500.0,316L,0.25,2,6,2,8.0,2,False,1363.75,0,0,buffer_tank,True,224
25-139,VERTCORP,BUFFER TANK 16 OF 224,Active,2025-12-15,74.0,44.25,20500.0,316L,0.25,2,6,2,8.0,2,False,1363.75,0,0,buffer_tank,True,224
25-144,VERTCORP,BUFFER TANK 21 OF 224,Active,2025-12-15,74.0,49.0,20500.0,316L,0.25,2,6,2,8.0,2,False,1363.75,0,0,buffer_tank,True,224
25-141,VERTCORP,BUFFER TANK 18 OF 224,Active,2025-12-15,74.0,52.75,20500.0,316L,0.25,2,6,2,8.0,2,False,1363.75,0,0,buffer_tank,True,224
25-129,VERTCORP,BUFFER TANK 6 OF 224,Active,2025-12-15,74.0,75.5,20500.0,316L,0.25,2,6,2,8.0,2,False,1363.75,0,0,buffer_tank,True,224
25-147,VERTCORP,BUFFER TANK 24 OF 224,Active,2025-12-15,74.0,55.25,20500.0,316L,0.25,2,6,2,8.0,2,False,1363.75,0,0,buffer_tank,True,224
25-131,VERTCORP,BUFFER TANK 8 OF 224,Active,2025-12-15,74.0,69.5,20500.0,316L,0.25,2,6,2,8.0,2,False,1363.75,0,0,buffer_tank,True,224
25-130,VERTCORP,BUFFER TANK 7 OF 224,Active,2025-12-15,74.0,68.0,20500.0,316L,0.25,2,6,2,8.0,2,False,1363.75,0,0,buffer_tank,True,224
25-136,VERTCORP,BUFFER TANK 13 OF 224,Active,2025-12-15,74.0,51.25,20500.0,316L,0.25,2,6,2,8.0,2,False,1363.75,0,0,buffer_tank,True,224
25-309,VERTCORP,BUFFER TANK 186 OF 224,Active,2025-12-15,74.0,1.0,20500.0,316L,0.25,2,6,2,8.0,2,False,1363.75,0,0,buffer_tank,True,224
25-310,VERTCORP,BUFFER TANK 187 OF 224,Active,2025-12-15,74.0,1.0,20500.0,316L,0.25,2,6,2,8.0,2,False,1363.75,0,0,buffer_tank,True,224
25-311,VERTCORP,BUFFER TANK 188 OF 224,Active,2025-12-15,74.0,1.0,20500.0,316L,0.25,2,6,2,8.0,2,False,1363.75,0,0,buffer_tank,True,224
25-312,VERTCORP,BUFFER TANK 189 OF 224,Active,2025-12-15,74.0,1.0,20500.0,316L,0.25,2,6,2,8.0,2,False,1363.75,0,0,buffer_tank,True,224
25-313,VERTCORP,BUFFER TANK 190 OF 224,Active,2025-12-15,74.0,1.0,20500.0,316L,0.25,2,6,2,8.0,2,False,1363.75,0,0,buffer_tank,True,224
25-314,VERTCORP,BUFFER TANK 191 OF 224,Active,2025-12-15,74.0,1.0,20500.0,316L,0.25,2,6,2,8.0,2,False,1363.75,0,0,buffer_tank,True,224
25-315,VERTCORP,BUFFER TANK 192 OF 224,Active,2025-12-15,74.0,1.0,20500.0,316L,0.25,2,6,2,8.0,2,False,1363.75,0,0,buffer_tank,True,224
25-316,VERTCORP,BUFFER TANK 193 OF 224,Active,2025-12-15,74.0,1.0,20500.0,316L,0.25,2,6,2,8.0,2,False,1363.75,0,0,buffer_tank,True,224
25-317,VERTCORP,BUFFER TANK 194 OF 224,Active,2025-12-15,74.0,1.0,20500.0,316L,0.25,2,6,2,8.0,2,False,1363.75,0,0,buffer_tank,True,224
25-318,VERTCORP,BUFFER TANK 195 OF 224,Active,2025-12-15,74.0,1.0,20500.0,316L,0.25,2,6,2,8.0,2,False,1363.75,0,0,buffer_tank,True,224
25-319,VERTCORP,BUFFER TANK 196 OF 224,Active,2025-12-15,74.0,1.0,20500.0,316L,0.25,2,6,2,8.0,2,False,1363.75,0,0,buffer_tank,True,224
25-320,VERTCORP,BUFFER TANK 197 OF 224,Active,2025-12-15,74.0,1.0,20500.0,316L,0.25,2,6,2,8.0,2,False,1363.75,0,0,buffer_tank,True,224
25-321,VERTCORP,BUFFER TANK 198 OF 224,Active,2025-12-15,74.0,1.0,20500.0,316L,0.25,2,6,2,8.0,2,False,1363.75,0,0,buffer_tank,True,224
25-322,VERTCORP,BUFFER TANK 199 OF 224,Active,2025-12-15,74.0,1.0,20500.0,316L,0.25,2,6,2,8.0,2,False,1363.75,0,0,buffer_tank,True,224
25-323,VERTCORP,BUFFER TANK 200 OF 224,Active,2025-12-15,74.0,1.0,20500.0,316L,0.25,2,6,2,8.0,2,False,1363.75,0,0,buffer_tank,True,224
25-324,VERTCORP,BUFFER TANK 201 OF 224,Active,2025-12-15,74.0,1.0,20500.0,316L,0.25,2,6,2,8.0,2,False,1363.75,0,0,buffer_tank,True,224
25-325,VERTCORP,BUFFER TANK 202 OF 224,Active,2025-12-15,74.0,1.0,20500.0,316L,0.25,2,6,2,8.0,2,False,1363.75,0,0,buffer_tank,True,224
25-326,VERTCORP,BUFFER TANK 203 OF 224,Active,2025-12-15,74.0,1.0,20500.0,316L,0.25,2,6,2,8.0,2,False,1363.75,0,0,buffer_tank,True,224
25-327,VERTCORP,BUFFER TANK 204 OF 224,Active,2025-12-15,74.0,1.0,20500.0,316L,0.25,2,6,2,8.0,2,False,1363.75,0,0,buffer_tank,True,224
25-328,VERTCORP,BUFFER TANK 205 OF 224,Active,2025-12-15,74.0,1.0,20500.0,316L,0.25,2,6,2,8.0,2,False,1363.75,0,0,buffer_tank,True,224
25-329,VERTCORP,BUFFER TANK 206 OF 224,Active,2025-12-15,74.0,1.0,20500.0,316L,0.25,2,6,2,8.0,2,False,1363.75,0,0,buffer_tank,True,224
25-243,VERTCORP,BUFFER TANK 120 OF 224,Active,2025-12-15,74.0,0.5,20500.0,316L,0.25,2,6,2,8.0,2,False,1363.75,0,0,buffer_tank,True,224
25-244,VERTCORP,BUFFER TANK 121 OF 224,Active,2025-12-15,74.0,0.5,20500.0,316L,0.25,2,6,2,8.0,2,False,1363.75,0,0,buffer_tank,True,224
25-245,VERTCORP,BUFFER TANK 122 OF 224,Active,2025-12-15,74.0,0.5,20500.0,316L,0.25,2,6,2,8.0,2,False,1363.75,0,0,buffer_tank,True,224
25-246,VERTCORP,BUFFER TANK 123 OF 224,Active,2025-12-15,74.0,0.5,20500.0,316L,0.25,2,6,2,8.0,2,False,1363.75,0,0,buffer_tank,True,224
25-247,VERTCORP,BUFFER TANK 124 OF 224,Active,2025-12-15,74.0,0.5,20500.0,316L,0.25,2,6,2,8.0,2,False,1363.75,0,0,buffer_tank,True,224
25-248,VERTCORP,BUFFER TANK 125 OF 224,Active,2025-12-15,74.0,0.5,20500.0,316L,0.25,2,6,2,8.0,2,False,1363.75,0,0,buffer_tank,True,224
25-249,VERTCORP,BUFFER TANK 126 OF 224,Active,2025-12-15,74.0,0.5,20500.0,316L,0.25,2,6,2,8.0,2,False,1363.75,0,0,buffer_tank,True,224
25-250,VERTCORP,BUFFER TANK 127 OF 224,Active,2025-12-15,74.0,0.5,20500.0,316L,0.25,2,6,2,8.0,2,False,1363.75,0,0,buffer_tank,True,224
25-251,VERTCORP,BUFFER TANK 128 OF 224,Active,2025-12-15,74.0,0.5,20500.0,316L,0.25,2,6,2,8.0,2,False,1363.75,0,0,buffer_tank,True,224
25-252,VERTCORP,BUFFER TANK 129 OF 224,Active,2025-12-15,74.0,0.5,20500.0,316L,0.25,2,6,2,8.0,2,False,1363.75,0,0,buffer_tank,True,224
25-254,VERTCORP,BUFFER TANK 131 OF 224,Active,2025-12-15,74.0,0.5,20500.0,316L,0.25,2,6,2,8.0,2,False,1363.75,0,0,buffer_tank,True,224
25-255,VERTCORP,BUFFER TANK 132 OF 224,Active,2025-12-15,74.0,0.5,20500.0,316L,0.25,2,6,2,8.0,2,False,1363.75,0,0,buffer_tank,True,224
25-257,VERTCORP,BUFFER TANK 134 OF 224,Active,2025-12-15,74.0,0.5,20500.0,316L,0.25,2,6,2,8.0,2,False,1363.75,0,0,buffer_tank,True,224
25-258,VERTCORP,BUFFER TANK 135 OF 224,Active,2025-12-15,74.0,0.5,20500.0,316L,0.25,2,6,2,8.0,2,False,1363.75,0,0,buffer_tank,True,224
25-259,VERTCORP,BUFFER TANK 136 OF 224,Active,2025-12-15,74.0,0.5,20500.0,316L,0.25,2,6,2,8.0,2,False,1363.75,0,0,buffer_tank,True,224
25-260,VERTCORP,BUFFER TANK 137 OF 224,Active,2025-12-15,74.0,0.5,20500.0,316L,0.25,2,6,2,8.0,2,False,1363.75,0,0,buffer_tank,True,224
25-261,VERTCORP,BUFFER TANK 138 OF 224,Active,2025-12-15,74.0,0.5,20500.0,316L,0.25,2,6,2,8.0,2,False,1363.75,0,0,buffer_tank,True,224
25-262,VERTCORP,BUFFER TANK 139 OF 224,Active,2025-12-15,74.0,0.5,20500.0,316L,0.25,2,6,2,8.0,2,False,1363.75,0,0,buffer_tank,True,224
25-263,VERTCORP,BUFFER TANK 140 OF 224,Active,2025-12-15,74.0,0.5,20500.0,316L,0.25,2,6,2,8.0,2,False,1363.75,0,0,buffer_tank,True,224
25-264,VERTCORP,BUFFER TANK 141 OF 224,Active,2025-12-15,74.0,0.5,20500.0,316L,0.25,2,6,2,8.0,2,False,1363.75,0,0,buffer_tank,True,224
25-253,VERTCORP,BUFFER TANK 130 OF 224,Active,2025-12-15,74.0,0.5,20500.0,316L,0.25,2,6,2,8.0,2,False,1363.75,0,0,buffer_tank,True,224
25-256,VERTCORP,BUFFER TANK 133 OF 224,Active,2025-12-15,74.0,0.5,20500.0,316L,0.25,2,6,2,8.0,2,False,1363.75,0,0,buffer_tank,True,224
25-265,VERTCORP,BUFFER TANK 142 OF 224,Active,2025-12-15,74.0,0.5,20500.0,316L,0.25,2,6,2,8.0,2,False,1363.75,0,0,buffer_tank,True,224
25-266,VERTCORP,BUFFER TANK 143 OF 224,Active,2025-12-15,74.0,0.5,20500.0,316L,0.25,2,6,2,8.0,2,False,1363.75,0,0,buffer_tank,True,224
25-267,VERTCORP,BUFFER TANK 144 OF 224,Active,2025-12-15,74.0,0.5,20500.0,316L,0.25,2,6,2,8.0,2,False,1363.75,0,0,buffer_tank,True,224
25-268,VERTCORP,BUFFER TANK 145 OF 224,Active,2025-12-15,74.0,0.0,20500.0,316L,0.25,2,6,2,8.0,2,False,1363.75,0,0,buffer_tank,True,224
25-269,VERTCORP,BUFFER TANK 146 OF 224,Active,2025-12-15,74.0,0.0,20500.0,316L,0.25,2,6,2,8.0,2,False,1363.75,0,0,buffer_tank,True,224
25-270,VERTCORP,BUFFER TANK 147 OF 224,Active,2025-12-15,74.0,0.0,20500.0,316L,0.25,2,6,2,8.0,2,False,1363.75,0,0,buffer_tank,True,224
25-271,VERTCORP,BUFFER TANK 148 OF 224,Active,2025-12-15,74.0,0.0,20500.0,316L,0.25,2,6,2,8.0,2,False,1363.75,0,0,buffer_tank,True,224
25-272,VERTCORP,BUFFER TANK 149 OF 224,Active,2025-12-15,74.0,0.0,20500.0,316L,0.25,2,6,2,8.0,2,False,1363.75,0,0,buffer_tank,True,224
25-330,VERTCORP,BUFFER TANK 207 OF 224,Active,2025-12-15,74.0,2.0,20500.0,316L,0.25,2,6,2,8.0,2,False,1363.75,0,0,buffer_tank,True,224
25-331,VERTCORP,BUFFER TANK 208 OF 224,Active,2025-12-15,74.0,2.0,20500.0,316L,0.25,2,6,2,8.0,2,False,1363.75,0,0,buffer_tank,True,224
25-332,VERTCORP,BUFFER TANK 209 OF 224,Active,2025-12-15,74.0,2.0,20500.0,316L,0.25,2,6,2,8.0,2,False,1363.75,0,0,buffer_tank,True,224
25-333,VERTCORP,BUFFER TANK 210 OF 224,Active,2025-12-15,74.0,2.0,20500.0,316L,0.25,2,6,2,8.0,2,False,1363.75,0,0,buffer_tank,True,224
25-334,VERTCORP,BUFFER TANK 211 OF 224,Active,2025-12-15,74.0,2.0,20500.0,316L,0.25,2,6,2,8.0,2,False,1363.75,0,0,buffer_tank,True,224
25-335,VERTCORP,BUFFER TANK 212 OF 224,Active,2025-12-15,74.0,2.0,20500.0,316L,0.25,2,6,2,8.0,2,False,1363.75,0,0,buffer_tank,True,224
25-336,VERTCORP,BUFFER TANK 213 OF 224,Active,2025-12-15,74.0,2.0,20500.0,316L,0.25,2,6,2,8.0,2,False,1363.75,0,0,buffer_tank,True,224
25-337,VERTCORP,BUFFER TANK 214 OF 224,Active,2025-12-15,74.0,2.0,20500.0,316L,0.25,2,6,2,8.0,2,False,1363.75,0,0,buffer_tank,True,224
25-338,VERTCORP,BUFFER TANK 215 OF 224,Active,2025-12-15,74.0,2.0,20500.0,316L,0.25,2,6,2,8.0,2,False,1363.75,0,0,buffer_tank,True,224
25-339,VERTCORP,BUFFER TANK 216 OF 224,Active,2025-12-15,74.0,2.0,20500.0,316L,0.25,2,6,2,8.0,2,False,1363.75,0,0,buffer_tank,True,224
25-340,VERTCORP,BUFFER TANK 217 OF 224,Active,2025-12-15,74.0,1.0,20500.0,316L,0.25,2,6,2,8.0,2,False,1363.75,0,0,buffer_tank,True,224
25-341,VERTCORP,BUFFER TANK 218 OF 224,Active,2025-12-15,74.0,1.0,20500.0,316L,0.25,2,6,2,8.0,2,False,1363.75,0,0,buffer_tank,True,224
25-342,VERTCORP,BUFFER TANK 219 OF 224,Active,2025-12-15,74.0,1.0,20500.0,316L,0.25,2,6,2,8.0,2,False,1363.75,0,0,buffer_tank,True,224
25-343,VERTCORP,BUFFER TANK 220 OF 224,Active,2025-12-15,74.0,1.0,20500.0,316L,0.25,2,6,2,8.0,2,False,1363.75,0,0,buffer_tank,True,224
25-175,VERTCORP,BUFFER TANK 52 OF 224,Active,2025-12-15,74.0,7.0,20500.0,316L,0.25,2,6,2,8.0,2,False,1363.75,0,0,buffer_tank,True,224
25-176,VERTCORP,BUFFER TANK 53 OF 224,Active,2025-12-15,74.0,6.5,20500.0,316L,0.25,2,6,2,8.0,2,False,1363.75,0,0,buffer_tank,True,224
25-152,VERTCORP,BUFFER TANK 29 OF 224,Active,2025-12-15,74.0,18.5,20500.0,316L,0.25,2,6,2,8.0,2,False,1363.75,0,0,buffer_tank,True,224
25-153,VERTCORP,BUFFER TANK 30 OF 224,Active,2025-12-15,74.0,18.0,20500.0,316L,0.25,2,6,2,8.0,2,False,1363.75,0,0,buffer_tank,True,224
25-148,VERTCORP,BUFFER TANK 25 OF 224,Active,2025-12-15,74.0,34.5,20500.0,316L,0.25,2,6,2,8.0,2,False,1363.75,0,0,buffer_tank,True,224
25-177,VERTCORP,BUFFER TANK 54 OF 224,Active,2025-12-15,74.0,6.5,20500.0,316L,0.25,2,6,2,8.0,2,False,1363.75,0,0,buffer_tank,True,224
25-178,VERTCORP,BUFFER TANK 55 OF 224,Active,2025-12-15,74.0,5.75,20500.0,316L,0.25,2,6,2,8.0,2,False,1363.75,0,0,buffer_tank,True,224
25-179,VERTCORP,BUFFER TANK 56 OF 224,Active,2025-12-15,74.0,9.5,20500.0,316L,0.25,2,6,2,8.0,2,False,1363.75,0,0,buffer_tank,True,224
25-180,VERTCORP,BUFFER TANK 57 OF 224,Active,2025-12-15,74.0,5.5,20500.0,316L,0.25,2,6,2,8.0,2,False,1363.75,0,0,buffer_tank,True,224
25-181,VERTCORP,BUFFER TANK 58 OF 224,Active,2025-12-15,74.0,5.5,20500.0,316L,0.25,2,6,2,8.0,2,False,1363.75,0,0,buffer_tank,True,224
25-150,VERTCORP,BUFFER TANK 27 OF 224,Active,2025-12-15,74.0,31.0,20500.0,316L,0.25,2,6,2,8.0,2,False,1363.75,0,0,buffer_tank,True,224
25-155,VERTCORP,BUFFER TANK 32 OF 224,Active,2025-12-15,74.0,17.0,20500.0,316L,0.25,2,6,2,8.0,2,False,1363.75,0,0,buffer_tank,True,224
25-156,VERTCORP,BUFFER TANK 33 OF 224,Active,2025-12-15,74.0,15.0,20500.0,316L,0.25,2,6,2,8.0,2,False,1363.75,0,0,buffer_tank,True,224
25-174,VERTCORP,BUFFER TANK 51 OF 224,Active,2025-12-15,74.0,18.0,20500.0,316L,0.25,2,6,2,8.0,2,False,1363.75,0,0,buffer_tank,True,224
25-154,VERTCORP,BUFFER TANK 31 OF 224,Active,2025-12-15,74.0,30.0,20500.0,316L,0.25,2,6,2,8.0,2,False,1363.75,0,0,buffer_tank,True,224
25-165,VERTCORP,BUFFER TANK 42 OF 224,Active,2025-12-15,74.0,13.0,20500.0,316L,0.25,2,6,2,8.0,2,False,1363.75,0,0,buffer_tank,True,224
25-166,VERTCORP,BUFFER TANK 43 OF 224,Active,2025-12-15,74.0,13.0,20500.0,316L,0.25,2,6,2,8.0,2,False,1363.75,0,0,buffer_tank,True,224
25-167,VERTCORP,BUFFER TANK 44 OF 224,Active,2025-12-15,74.0,13.0,20500.0,316L,0.25,2,6,2,8.0,2,False,1363.75,0,0,buffer_tank,True,224
25-168,VERTCORP,BUFFER TANK 45 OF 224,Active,2025-12-15,74.0,13.0,20500.0,316L,0.25,2,6,2,8.0,2,False,1363.75,0,0,buffer_tank,True,224
25-169,VERTCORP,BUFFER TANK 46 OF 224,Active,2025-12-15,74.0,23.0,20500.0,316L,0.25,2,6,2,8.0,2,False,1363.75,0,0,buffer_tank,True,224
25-151,VERTCORP,BUFFER TANK 28 OF 224,Active,2025-12-15,74.0,20.0,20500.0,316L,0.25,2,6,2,8.0,2,False,1363.75,0,0,buffer_tank,True,224
25-159,VERTCORP,BUFFER TANK 36 OF 224,Active,2025-12-15,74.0,19.5,20500.0,316L,0.25,2,6,2,8.0,2,False,1363.75,0,0,buffer_tank,True,224
25-344,VERTCORP,BUFFER TANK 221 OF 224,Active,2025-12-15,74.0,2.0,20500.0,316L,0.25,2,6,2,8.0,2,False,1363.75,0,0,buffer_tank,True,224
25-345,VERTCORP,BUFFER TANK 222 OF 224,Active,2025-12-15,74.0,2.0,20500.0,316L,0.25,2,6,2,8.0,2,False,1363.75,0,0,buffer_tank,True,224
25-346,VERTCORP,BUFFER TANK 223 OF 224,Active,2025-12-15,74.0,2.0,20500.0,316L,0.25,2,6,2,8.0,2,False,1363.75,0,0,buffer_tank,True,224
25-184,VERTCORP,BUFFER TANK 61 OF 224,Active,2025-12-15,74.0,2.0,20500.0,316L,0.25,2,6,2,8.0,2,False,1363.75,0,0,buffer_tank,True,224
25-185,VERTCORP,BUFFER TANK 62 OF 224,Active,2025-12-15,74.0,2.0,20500.0,316L,0.25,2,6,2,8.0,2,False,1363.75,0,0,buffer_tank,True,224
25-186,VERTCORP,BUFFER TANK 63 OF 224,Active,2025-12-15,74.0,2.0,20500.0,316L,0.25,2,6,2,8.0,2,False,1363.75,0,0,buffer_tank,True,224
25-187,VERTCORP,BUFFER TANK 64 OF 224,Active,2025-12-15,74.0,2.0,20500.0,316L,0.25,2,6,2,8.0,2,False,1363.75,0,0,buffer_tank,True,224
25-188,VERTCORP,BUFFER TANK 65 OF 224,Active,2025-12-15,74.0,2.0,20500.0,316L,0.25,2,6,2,8.0,2,False,1363.75,0,0,buffer_tank,True,224
25-189,VERTCORP,BUFFER TANK 66 OF 224,Active,2025-12-15,74.0,2.0,20500.0,316L,0.25,2,6,2,8.0,2,False,1363.75,0,0,buffer_tank,True,224
25-190,VERTCORP,BUFFER TANK 67 OF 224,Active,2025-12-15,74.0,2.0,20500.0,316L,0.25,2,6,2,8.0,2,False,1363.75,0,0,buffer_tank,True,224
25-191,VERTCORP,BUFFER TANK 68 OF 224,Active,2025-12-15,74.0,2.0,20500.0,316L,0.25,2,6,2,8.0,2,False,1363.75,0,0,buffer_tank,True,224
25-192,VERTCORP,BUFFER TANK 69 OF 224,Active,2025-12-15,74.0,2.0,20500.0,316L,0.25,2,6,2,8.0,2,False,1363.75,0,0,buffer_tank,True,224
25-193,VERTCORP,BUFFER TANK 70 OF 224,Active,2025-12-15,74.0,2.0,20500.0,316L,0.25,2,6,2,8.0,2,False,1363.75,0,0,buffer_tank,True,224
25-194,VERTCORP,BUFFER TANK 71 OF 224,Active,2025-12-15,74.0,2.0,20500.0,316L,0.25,2,6,2,8.0,2,False,1363.75,0,0,buffer_tank,True,224
25-195,VERTCORP,BUFFER TANK 72 OF 224,Active,2025-12-15,74.0,1.5,20500.0,316L,0.25,2,6,2,8.0,2,False,1363.75,0,0,buffer_tank,True,224
25-196,VERTCORP,BUFFER TANK 73 OF 224,Active,2025-12-15,74.0,1.5,20500.0,316L,0.25,2,6,2,8.0,2,False,1363.75,0,0,buffer_tank,True,224
25-197,VERTCORP,BUFFER TANK 74 OF 224,Active,2025-12-15,74.0,1.5,20500.0,316L,0.25,2,6,2,8.0,2,False,1363.75,0,0,buffer_tank,True,224
25-198,VERTCORP,BUFFER TANK 75 OF 224,Active,2025-12-15,74.0,1.5,20500.0,316L,0.25,2,6,2,8.0,2,False,1363.75,0,0,buffer_tank,True,224
25-199,VERTCORP,BUFFER TANK 76 OF 224,Active,2025-12-15,74.0,2.5,20500.0,316L,0.25,2,6,2,8.0,2,False,1363.75,0,0,buffer_tank,True,224
25-200,VERTCORP,BUFFER TANK 77 OF 224,Active,2025-12-15,74.0,2.5,20500.0,316L,0.25,2,6,2,8.0,2,False,1363.75,0,0,buffer_tank,True,224
25-201,VERTCORP,BUFFER TANK 78 OF 224,Active,2025-12-15,74.0,2.5,20500.0,316L,0.25,2,6,2,8.0,2,False,1363.75,0,0,buffer_tank,True,224
25-157,VERTCORP,BUFFER TANK 34 OF 224,Active,2025-12-15,74.0,13.0,20500.0,316L,0.25,2,6,2,8.0,2,False,1363.75,0,0,buffer_tank,True,224
25-158,VERTCORP,BUFFER TANK 35 OF 224,Active,2025-12-15,74.0,12.75,20500.0,316L,0.25,2,6,2,8.0,2,False,1363.75,0,0,buffer_tank,True,224
25-202,VERTCORP,BUFFER TANK 79 OF 224,Active,2025-12-15,74.0,2.75,20500.0,316L,0.25,2,6,2,8.0,2,False,1363.75,0,0,buffer_tank,True,224
25-203,VERTCORP,BUFFER TANK 80 OF 224,Active,2025-12-15,74.0,2.75,20500.0,316L,0.25,2,6,2,8.0,2,False,1363.75,0,0,buffer_tank,True,224
25-160,VERTCORP,BUFFER TANK 37 OF 224,Active,2025-12-15,74.0,13.0,20500.0,316L,0.25,2,6,2,8.0,2,False,1363.75,0,0,buffer_tank,True,224
25-161,VERTCORP,BUFFER TANK 38 OF 224,Active,2025-12-15,74.0,16.5,20500.0,316L,0.25,2,6,2,8.0,2,False,1363.75,0,0,buffer_tank,True,224
25-162,VERTCORP,BUFFER TANK 39 OF 224,Active,2025-12-15,74.0,15.5,20500.0,316L,0.25,2,6,2,8.0,2,False,1363.75,0,0,buffer_tank,True,224
25-163,VERTCORP,BUFFER TANK 40 OF 224,Active,2025-12-15,74.0,16.0,20500.0,316L,0.25,2,6,2,8.0,2,False,1363.75,0,0,buffer_tank,True,224
25-204,VERTCORP,BUFFER TANK 81 OF 224,Active,2025-12-15,74.0,2.5,20500.0,316L,0.25,2,6,2,8.0,2,False,1363.75,0,0,buffer_tank,True,224
25-205,VERTCORP,BUFFER TANK 82 OF 224,Active,2025-12-15,74.0,1.5,20500.0,316L,0.25,2,6,2,8.0,2,False,1363.75,0,0,buffer_tank,True,224
25-206,VERTCORP,BUFFER TANK 83 OF 224,Active,2025-12-15,74.0,1.5,20500.0,316L,0.25,2,6,2,8.0,2,False,1363.75,0,0,buffer_tank,True,224
25-207,VERTCORP,BUFFER TANK 84 OF 224,Active,2025-12-15,74.0,1.5,20500.0,316L,0.25,2,6,2,8.0,2,False,1363.75,0,0,buffer_tank,True,224
25-208,VERTCORP,BUFFER TANK 85 OF 224,Active,2025-12-15,74.0,1.5,20500.0,316L,0.25,2,6,2,8.0,2,False,1363.75,0,0,buffer_tank,True,224
25-209,VERTCORP,BUFFER TANK 86 OF 224,Active,2025-12-15,74.0,1.5,20500.0,316L,0.25,2,6,2,8.0,2,False,1363.75,0,0,buffer_tank,True,224
25-210,VERTCORP,BUFFER TANK 87 OF 224,Active,2025-12-15,74.0,1.5,20500.0,316L,0.25,2,6,2,8.0,2,False,1363.75,0,0,buffer_tank,True,224
25-211,VERTCORP,BUFFER TANK 88 OF 224,Active,2025-12-15,74.0,1.5,20500.0,316L,0.25,2,6,2,8.0,2,False,1363.75,0,0,buffer_tank,True,224
25-212,VERTCORP,BUFFER TANK 89 OF 224,Active,2025-12-15,74.0,1.5,20500.0,316L,0.25,2,6,2,8.0,2,False,1363.75,0,0,buffer_tank,True,224
25-213,VERTCORP,BUFFER TANK 90 OF 224,Active,2025-12-15,74.0,1.5,20500.0,316L,0.25,2,6,2,8.0,2,False,1363.75,0,0,buffer_tank,True,224
25-182,VERTCORP,BUFFER TANK 59 OF 224,Active,2025-12-15,74.0,3.5,20500.0,316L,0.25,2,6,2,8.0,2,False,1363.75,0,0,buffer_tank,True,224
25-183,VERTCORP,BUFFER TANK 60 OF 224,Active,2025-12-15,74.0,2.5,20500.0,316L,0.25,2,6,2,8.0,2,False,1363.75,0,0,buffer_tank,True,224
25-123,KIMBCLAR,BACKWATER TANK,Active,2025-12-15,0.0,0.0,108000.0,316L,0.25,6,0,0,0.0,0,False,16566.06,0,0,tank,False,1
25-274,VERTCORP,BUFFER TANK 151 OF 224,Active,2025-12-15,74.0,0.5,20500.0,316L,0.25,2,6,2,8.0,2,False,1363.75,0,0,buffer_tank,True,224
25-275,VERTCORP,BUFFER TANK 152 OF 224,Active,2025-12-15,74.0,0.5,20500.0,316L,0.25,2,6,2,8.0,2,False,1363.75,0,0,buffer_tank,True,224
25-276,VERTCORP,BUFFER TANK 153 OF 224,Active,2025-12-15,74.0,0.5,20500.0,316L,0.25,2,6,2,8.0,2,False,1363.75,0,0,buffer_tank,True,224
25-277,VERTCORP,BUFFER TANK 154 OF 224,Active,2025-12-15,74.0,0.5,20500.0,316L,0.25,2,6,2,8.0,2,False,1363.75,0,0,buffer_tank,True,224
25-278,VERTCORP,BUFFER TANK 155 OF 224,Active,2025-12-15,74.0,0.5,20500.0,316L,0.25,2,6,2,8.0,2,False,1363.75,0,0,buffer_tank,True,224
25-279,VERTCORP,BUFFER TANK 156 OF 224,Active,2025-12-15,74.0,0.5,20500.0,316L,0.25,2,6,2,8.0,2,False,1363.75,0,0,buffer_tank,True,224
25-280,VERTCORP,BUFFER TANK 157 OF 224,Active,2025-12-15,74.0,0.5,20500.0,316L,0.25,2,6,2,8.0,2,False,1363.75,0,0,buffer_tank,True,224
25-281,VERTCORP,BUFFER TANK 158 OF 224,Active,2025-12-15,74.0,0.5,20500.0,316L,0.25,2,6,2,8.0,2,False,1363.75,0,0,buffer_tank,True,224
25-282,VERTCORP,BUFFER TANK 159 OF 224,Active,2025-12-15,74.0,0.5,20500.0,316L,0.25,2,6,2,8.0,2,False,1363.75,0,0,buffer_tank,True,224
25-283,VERTCORP,BUFFER TANK 160 OF 224,Active,2025-12-15,74.0,0.5,20500.0,316L,0.25,2,6,2,8.0,2,False,1363.75,0,0,buffer_tank,True,224
25-273,VERTCORP,BUFFER TANK 150 OF 224,Active,2025-12-15,74.0,0.0,20500.0,316L,0.25,2,6,2,8.0,2,False,1363.75,0,0,buffer_tank,True,224
25-347,VERTCORP,BUFFER TANK 224 OF 224,Active,2025-12-15,74.0,0.0,20500.0,316L,0.25,2,6,2,8.0,2,False,1363.75,0,0,buffer_tank,True,224
25-350,VERTCORP,EXP TANK SHIPMENT 3 (44),Active,2025-12-15,0.0,0.0,72600.0,UNKNOWN,0.0,0,0,0,0.0,0,False,25520.0,0,0,tank,False,1
25-351,VERTCORP,EXP TANK SHIPMENT 4 (28),Active,2025-12-15,0.0,0.0,46200.0,UNKNOWN,0.0,0,0,0,0.0,0,False,16240.0,0,0,tank,False,1
25-352,VERTCORP,EXP TANK SHIPMENT 5 (32),Active,2025-12-15,0.0,0.0,52800.0,UNKNOWN,0.0,0,0,0,0.0,0,False,18560.0,0,0,tank,False,1
25-353,VERTCORP,EXP TANK SHIPMENT 6 (28),Active,2025-12-15,0.0,0.0,46200.0,UNKNOWN,0.0,0,0,0,0.0,0,False,16240.0,0,0,tank,False,1
25-355,VERTCORP,EXP TANK SHIPMENT 8 (12),Active,2025-12-15,0.0,0.0,19800.0,UNKNOWN,0.0,0,0,0,0.0,0,False,6960.0,0,0,tank,False,1
25-284,VERTCORP,BUFFER TANK 161 OF 224,Active,2025-12-15,74.0,1.0,20500.0,316L,0.25,2,6,2,8.0,2,False,1363.75,0,0,buffer_tank,True,224
25-285,VERTCORP,BUFFER TANK 162 OF 224,Active,2025-12-15,74.0,1.0,20500.0,316L,0.25,2,6,2,8.0,2,False,1363.75,0,0,buffer_tank,True,224
25-286,VERTCORP,BUFFER TANK 163 OF 224,Active,2025-12-15,74.0,1.0,20500.0,316L,0.25,2,6,2,8.0,2,False,1363.75,0,0,buffer_tank,True,224
25-287,VERTCORP,BUFFER TANK 164 OF 224,Active,2025-12-15,74.0,1.0,20500.0,316L,0.25,2,6,2,8.0,2,False,1363.75,0,0,buffer_tank,True,224
25-288,VERTCORP,BUFFER TANK 165 OF 224,Active,2025-12-15,74.0,1.0,20500.0,316L,0.25,2,6,2,8.0,2,False,1363.75,0,0,buffer_tank,True,224
25-289,VERTCORP,BUFFER TANK 166 OF 224,Active,2025-12-15,74.0,1.0,20500.0,316L,0.25,2,6,2,8.0,2,False,1363.75,0,0,buffer_tank,True,224
25-290,VERTCORP,BUFFER TANK 167 OF 224,Active,2025-12-15,74.0,0.5,20500.0,316L,0.25,2,6,2,8.0,2,False,1363.75,0,0,buffer_tank,True,224
25-291,VERTCORP,BUFFER TANK 168 OF 224,Active,2025-12-15,74.0,0.5,20500.0,316L,0.25,2,6,2,8.0,2,False,1363.75,0,0,buffer_tank,True,224
25-292,VERTCORP,BUFFER TANK 169 OF 224,Active,2025-12-15,74.0,0.5,20500.0,316L,0.25,2,6,2,8.0,2,False,1363.75,0,0,buffer_tank,True,224
25-293,VERTCORP,BUFFER TANK 170 OF 224,Active,2025-12-15,74.0,0.5,20500.0,316L,0.25,2,6,2,8.0,2,False,1363.75,0,0,buffer_tank,True,224
25-294,VERTCORP,BUFFER TANK 171 OF 224,Active,2025-12-15,74.0,0.5,20500.0,316L,0.25,2,6,2,8.0,2,False,1363.75,0,0,buffer_tank,True,224
25-295,VERTCORP,BUFFER TANK 172 OF 224,Active,2025-12-15,74.0,0.5,20500.0,316L,0.25,2,6,2,8.0,2,False,1363.75,0,0,buffer_tank,True,224
25-214,VERTCORP,BUFFER TANK 91 OF 224,Active,2025-12-15,74.0,0.5,20500.0,316L,0.25,2,6,2,8.0,2,False,1363.75,0,0,buffer_tank,True,224
25-216,VERTCORP,BUFFER TANK 93 OF 224,Active,2025-12-15,74.0,0.5,20500.0,316L,0.25,2,6,2,8.0,2,False,1363.75,0,0,buffer_tank,True,224
25-217,VERTCORP,BUFFER TANK 94 OF 224,Active,2025-12-15,74.0,0.5,20500.0,316L,0.25,2,6,2,8.0,2,False,1363.75,0,0,buffer_tank,True,224
25-218,VERTCORP,BUFFER TANK 95 OF 224,Active,2025-12-15,74.0,0.5,20500.0,316L,0.25,2,6,2,8.0,2,False,1363.75,0,0,buffer_tank,True,224
25-219,VERTCORP,BUFFER TANK 96 OF 224,Active,2025-12-15,74.0,0.5,20500.0,316L,0.25,2,6,2,8.0,2,False,1363.75,0,0,buffer_tank,True,224
25-220,VERTCORP,BUFFER TANK 97 OF 224,Active,2025-12-15,74.0,0.5,20500.0,316L,0.25,2,6,2,8.0,2,False,1363.75,0,0,buffer_tank,True,224
25-221,VERTCORP,BUFFER TANK 98 OF 224,Active,2025-12-15,74.0,0.5,20500.0,316L,0.25,2,6,2,8.0,2,False,1363.75,0,0,buffer_tank,True,224
25-222,VERTCORP,BUFFER TANK 99 OF 224,Active,2025-12-15,74.0,0.5,20500.0,316L,0.25,2,6,2,8.0,2,False,1363.75,0,0,buffer_tank,True,224
25-223,VERTCORP,BUFFER TANK 100 OF 224,Active,2025-12-15,74.0,0.5,20500.0,316L,0.25,2,6,2,8.0,2,False,1363.75,0,0,buffer_tank,True,224
25-225,VERTCORP,BUFFER TANK 102 OF 224,Active,2025-12-15,74.0,0.5,20500.0,316L,0.25,2,6,2,8.0,2,False,1363.75,0,0,buffer_tank,True,224
25-226,VERTCORP,BUFFER TANK 103 OF 224,Active,2025-12-15,74.0,0.5,20500.0,316L,0.25,2,6,2,8.0,2,False,1363.75,0,0,buffer_tank,True,224
25-227,VERTCORP,BUFFER TANK 104 OF 224,Active,2025-12-15,74.0,0.5,20500.0,316L,0.25,2,6,2,8.0,2,False,1363.75,0,0,buffer_tank,True,224
25-228,VERTCORP,BUFFER TANK 105 OF 224,Active,2025-12-15,74.0,1.0,20500.0,316L,0.25,2,6,2,8.0,2,False,1363.75,0,0,buffer_tank,True,224
25-229,VERTCORP,BUFFER TANK 106 OF 224,Active,2025-12-15,74.0,0.5,20500.0,316L,0.25,2,6,2,8.0,2,False,1363.75,0,0,buffer_tank,True,224
25-230,VERTCORP,BUFFER TANK 107 OF 224,Active,2025-12-15,74.0,0.5,20500.0,316L,0.25,2,6,2,8.0,2,False,1363.75,0,0,buffer_tank,True,224
25-231,VERTCORP,BUFFER TANK 108 OF 224,Active,2025-12-15,74.0,0.5,20500.0,316L,0.25,2,6,2,8.0,2,False,1363.75,0,0,buffer_tank,True,224
25-232,VERTCORP,BUFFER TANK 109 OF 224,Active,2025-12-15,74.0,0.5,20500.0,316L,0.25,2,6,2,8.0,2,False,1363.75,0,0,buffer_tank,True,224
25-233,VERTCORP,BUFFER TANK 110 OF 224,Active,2025-12-15,74.0,0.5,20500.0,316L,0.25,2,6,2,8.0,2,False,1363.75,0,0,buffer_tank,True,224
25-234,VERTCORP,BUFFER TANK 111 OF 224,Active,2025-12-15,74.0,0.5,20500.0,316L,0.25,2,6,2,8.0,2,False,1363.75,0,0,buffer_tank,True,224
25-236,VERTCORP,BUFFER TANK 113 OF 224,Active,2025-12-15,74.0,0.5,20500.0,316L,0.25,2,6,2,8.0,2,False,1363.75,0,0,buffer_tank,True,224
25-237,VERTCORP,BUFFER TANK 114 OF 224,Active,2025-12-15,74.0,0.5,20500.0,316L,0.25,2,6,2,8.0,2,False,1363.75,0,0,buffer_tank,True,224
25-238,VERTCORP,BUFFER TANK 115 OF 224,Active,2025-12-15,74.0,0.5,20500.0,316L,0.25,2,6,2,8.0,2,False,1363.75,0,0,buffer_tank,True,224
25-239,VERTCORP,BUFFER TANK 116 OF 224,Active,2025-12-15,74.0,0.5,20500.0,316L,0.25,2,6,2,8.0,2,False,1363.75,0,0,buffer_tank,True,224
25-240,VERTCORP,BUFFER TANK 117 OF 224,Active,2025-12-15,74.0,0.5,20500.0,316L,0.25,2,6,2,8.0,2,False,1363.75,0,0,buffer_tank,True,224
25-241,VERTCORP,BUFFER TANK 118 OF 224,Active,2025-12-15,74.0,0.5,20500.0,316L,0.25,2,6,2,8.0,2,False,1363.75,0,0,buffer_tank,True,224
25-242,VERTCORP,BUFFER TANK 119 OF 224,Active,2025-12-15,74.0,0.5,20500.0,316L,0.25,2,6,2,8.0,2,False,1363.75,0,0,buffer_tank,True,224
25-224,VERTCORP,BUFFER TANK 101 OF 224,Active,2025-12-15,74.0,0.5,20500.0,316L,0.25,2,6,2,8.0,2,False,1363.75,0,0,buffer_tank,True,224
25-235,VERTCORP,BUFFER TANK 112 OF 224,Active,2025-12-15,74.0,0.5,20500.0,316L,0.25,2,6,2,8.0,2,False,1363.75,0,0,buffer_tank,True,224
25-215,VERTCORP,BUFFER TANK 92 OF 224,Active,2025-12-15,74.0,0.5,20500.0,316L,0.25,2,6,2,8.0,2,False,1363.75,0,0,buffer_tank,True,224
25-296,VERTCORP,BUFFER TANK 173 OF 224,Active,2025-12-15,74.0,1.0,20500.0,316L,0.25,2,6,2,8.0,2,False,1363.75,0,0,buffer_tank,True,224
25-297,VERTCORP,BUFFER TANK 174 OF 224,Active,2025-12-15,74.0,1.0,20500.0,316L,0.25,2,6,2,8.0,2,False,1363.75,0,0,buffer_tank,True,224
25-298,VERTCORP,BUFFER TANK 175 OF 224,Active,2025-12-15,74.0,1.0,20500.0,316L,0.25,2,6,2,8.0,2,False,1363.75,0,0,buffer_tank,True,224
25-299,VERTCORP,BUFFER TANK 176 OF 224,Active,2025-12-15,74.0,1.0,20500.0,316L,0.25,2,6,2,8.0,2,False,1363.75,0,0,buffer_tank,True,224
25-300,VERTCORP,BUFFER TANK 177 OF 224,Active,2025-12-15,74.0,1.0,20500.0,316L,0.25,2,6,2,8.0,2,False,1363.75,0,0,buffer_tank,True,224
25-301,VERTCORP,BUFFER TANK 178 OF 224,Active,2025-12-15,74.0,1.0,20500.0,316L,0.25,2,6,2,8.0,2,False,1363.75,0,0,buffer_tank,True,224
25-302,VERTCORP,BUFFER TANK 179 OF 224,Active,2025-12-15,74.0,1.0,20500.0,316L,0.25,2,6,2,8.0,2,False,1363.75,0,0,buffer_tank,True,224
25-303,VERTCORP,BUFFER TANK 180 OF 224,Active,2025-12-15,74.0,1.0,20500.0,316L,0.25,2,6,2,8.0,2,False,1363.75,0,0,buffer_tank,True,224
25-304,VERTCORP,BUFFER TANK 181 OF 224,Active,2025-12-15,74.0,1.0,20500.0,316L,0.25,2,6,2,8.0,2,False,1363.75,0,0,buffer_tank,True,224
25-305,VERTCORP,BUFFER TANK 182 OF 224,Active,2025-12-15,74.0,1.0,20500.0,316L,0.25,2,6,2,8.0,2,False,1363.75,0,0,buffer_tank,True,224
25-306,VERTCORP,BUFFER TANK 183 OF 224,Active,2025-12-15,74.0,1.0,20500.0,316L,0.25,2,6,2,8.0,2,False,1363.75,0,0,buffer_tank,True,224
25-307,VERTCORP,BUFFER TANK 184 OF 224,Active,2025-12-15,74.0,1.0,20500.0,316L,0.25,2,6,2,8.0,2,False,1363.75,0,0,buffer_tank,True,224
25-124,VERTCORP,BUFFER TANK 1 OF 224,Complete,2025-12-15,74.0,75.0,20500.0,304L,0.5,6,5,4,8.0,4,False,100340.08000000002,0,0,buffer_tank,True,224
25-122,KIMBCLAR,PROCESS TENSIDE TANK,Active,2025-12-04,0.0,0.0,126500.0,316L,0.25,4,0,0,0.0,0,False,22329.03,0,0,tank,False,1
25-120,ANDRITZI,DISSOLVING TANK (FABRICATION),Active,2025-11-19,0.0,0.0,815000.0,2205,1.0,8,0,0,0.0,0,False,394834.17000000004,0,0,dissolving_tank,False,1
25-119,VERTCORP,DWG ONLY-SMARTRUN BUFFER TANKS,Active,2025-11-14,0.0,0.0,8000.0,UNKNOWN,0.0,0,0,0,0.0,0,False,0.0,0,0,buffer_tank,False,1
25-118,MERRINDU,MH-5301-HP-05000-CASING,Active,2025-11-07,679.0,568.0,125500.0,SA36,0.5,17,10,8,12.0,0,True,38576.020000000004,0,0,other,False,1
25-117,MERRINDU,MH-5301-HP-02000-CASING,Active,2025-11-07,679.0,733.25,125500.0,SA36,0.5,17,8,8,12.0,0,True,42860.520000000004,0,0,other,False,1
25-116,POLYCOMP,MALEIC ANHYDRIDE TANK,Active,2025-11-05,0.0,0.0,151500.0,316L,0.5,12,26,27,24.0,2,False,74244.33,0,0,tank,False,1
25-102,EPICSYST,T-101,Active,2025-11-03,0.0,0.0,71500.0,316L,0.25,8,16,16,6.0,2,False,27835.26,0,0,other,False,1
25-105,EPICSYST,T-105,Active,2025-10-31,0.0,0.0,74000.0,316L,0.25,6,12,12,10.0,2,False,26805.55,0,0,other,False,1
25-103,EPICSYST,T-104,Active,2025-10-31,0.0,0.0,77500.0,316L,0.25,8,14,14,6.0,2,False,26731.47,0,0,other,False,1
25-104,EPICSYST,T-103,Active,2025-10-31,0.0,0.0,76500.0,316L,0.25,8,14,14,6.0,2,False,26679.309999999998,0,0,other,False,1
25-114,EPICSYST,V-103,Active,2025-10-31,0.0,0.0,0.0,316L,0.0,0,0,0,0.0,2,False,2894.4,0,0,other,False,1
25-110,EPICSYST,T-117,Active,2025-10-31,146.0,33.25,57500.0,316L,0.25,4,14,15,36.0,2,False,28200.579999999998,0,0,other,False,1
25-113,EPICSYST,T-120,Active,2025-10-31,166.0,19.5,57750.0,316L,0.375,6,10,14,24.0,2,False,39800.84,0,0,other,False,1
25-111,EPICSYST,T-118A,Active,2025-10-31,205.0,15.0,55250.0,316L,0.25,6,8,12,16.0,2,False,17747.33,0,0,other,False,1
25-106,EPICSYST,T-121,Active,2025-10-31,0.0,0.0,64500.0,316L,1.0,14,8,6,4.0,2,False,33035.36,0,0,other,False,1
25-109,EPICSYST,V-117,Active,2025-10-31,56.0,7.25,26500.0,316L,0.0,0,2,2,2.0,2,False,4004.5,0,0,other,False,1
25-107,EPICSYST,T-113,Active,2025-10-31,0.0,0.0,47500.0,316L,0.25,6,6,10,12.0,4,False,19721.78,0,0,other,False,1
25-115,EPICSYST,V-104,Active,2025-10-31,0.0,0.0,24750.0,316L,0.0,0,6,6,4.0,2,False,5434.62,0,0,other,False,1
25-112,EPICSYST,T-118B,Active,2025-10-31,0.0,0.0,55250.0,316L,0.25,6,8,12,16.0,2,False,17684.66,0,0,other,False,1
25-108,EPICSYST,T-114,Active,2025-10-31,0.0,0.0,25250.0,316L,0.25,6,4,6,4.0,4,False,12226.039999999999,0,0,other,False,1
25-101,HARPLOVE,T-1615 RUPTURE DISK CATCH TANK,Active,2025-10-27,560.0,281.0,357000.0,304L,0.5,12,15,22,36.0,2,True,212134.43,0,0,tank,False,1
25-099,BURKINDU,CONE BOTTOM W/COIL,Complete,2025-10-02,137.0,132.5,34250.0,304L,0.1875,2,4,4,6.0,0,True,9847.31,0,0,other,False,1
25-100,CONSDESI,(8) ANCHOR CHAIRS,Complete,2025-10-01,11.0,7.0,4535.0,UNKNOWN,0.0,0,0,0,0.0,0,False,174.0,0,0,other,False,1
25-098,COASTECH,MIST ELIMINATOR W/FACE WASH,Active,2025-09-24,108.0,0.0,71500.0,304L,0.625,5,3,5,15.0,0,False,31976.019999999997,0,0,other,False,1
25-096,MILLIKEN,T-3405,Complete,2025-09-22,97.0,84.5,21950.0,316L,0.1875,2,8,10,6.0,2,False,6000.94,0,0,other,False,1
25-097,MILLIKEN,T-3505,Complete,2025-09-22,97.0,86.25,21950.0,316L,0.1875,2,8,10,6.0,2,False,5996.62,0,0,other,False,1
25-095,ANDRITZI,DISSOLVING TANK (DWG ONLY),Active,2025-09-19,0.0,0.0,14000.0,UNKNOWN,0.0,0,0,0,0.0,0,False,0.0,0,0,dissolving_tank,False,1
25-093,AMERTERP,CARBON UNIT #2,Active,2025-09-10,325.0,265.25,106000.0,316L,0.5,8,12,16,20.0,2,True,33940.94,0,0,other,False,1
25-092,AMERTERP,CARBON UNIT #1,Active,2025-09-10,325.0,260.75,106000.0,316L,0.5,8,12,16,20.0,2,True,33992.68,0,0,other,False,1
25-094,KIMBCLAR,420-TK-42003,Complete,2025-09-10,80.0,58.5,28750.0,316L,0.0,0,12,10,24.0,0,False,11259.189999999999,0,0,other,False,1
25-091,USSUGARSV,API MANWAY,Active,2025-09-04,14.0,9.0,5800.0,UNKNOWN,0.0,0,0,0,0.0,0,False,384.89,0,0,other,False,1
25-089,VALMETIN,DISSOLVING TANK,Complete,2025-08-25,1700.0,1998.75,835000.0,2205,0.5,18,23,18,12.0,0,True,409458.44000000006,0,0,dissolving_tank,False,1
25-090,GAF11111,(2) SSI SKI PLATE,Active,2025-08-20,0.0,0.0,1100.0,UNKNOWN,0.0,0,0,0,0.0,0,False,0.0,0,0,other,False,1
25-088,CILISOTOPE,BALLAST TANK,Complete,2025-08-13,58.0,51.5,27250.0,316L,0.0,0,7,4,2.0,0,False,18573.43,0,0,tank,False,1
25-087,SOLVAY-ALP,WASTE WATER TANK,Complete,2025-08-07,128.0,116.5,35175.0,316L,0.25,2,10,12,18.0,2,False,12917.119999999997,0,0,tank,False,1
25-086,TELLPROD,SS FLANGE RING,Active,2025-07-30,14.0,13.5,6075.0,UNKNOWN,0.0,2,0,0,0.0,0,False,4928.55,0,0,other,False,1
25-085,NOAHINDU,HIGH FBCR TANK (316 OPTION),Complete,2025-07-22,403.0,393.25,143900.0,316L,0.375,12,8,10,12.0,0,False,68262.56,0,0,tank,False,1
25-084,ATLASMIN,SULFUR HOLDING TANK,Active,2025-07-18,513.0,511.75,140500.0,SA36,0.625,6,12,8,24.0,2,False,38970.13999999999,0,0,tank,False,1
25-083,SYNTHOMER,REACTOR 12,Complete,2025-07-14,511.0,386.5,164600.0,316L,0.375,10,20,18,12.0,2,True,55151.83,0,0,reactor,False,1
25-082,TOMHENLEY,ROLLED PLATE,Active,2025-07-02,11.0,9.0,2300.0,UNKNOWN,0.0,0,0,0,0.0,0,False,0.0,0,0,other,False,1
25-081,PROPIPE,"20"" ROLLED PIPE",Active,2025-07-01,7.0,6.0,1800.0,304L,0.375,2,0,0,0.0,0,False,1108.97,0,0,other,False,1
25-080,DOMTARPA,DAF FILTRATE TANK,Complete,2025-06-27,236.0,261.75,75500.0,SA36,0.3125,12,10,26,30.0,0,False,28006.73,0,0,tank,False,1
25-077,EPICSYST,R-301 DMN CSTR,Complete,2025-06-25,141.0,138.0,34900.0,304L,0.25,2,15,16,24.0,0,False,11608.199999999999,0,0,reactor,False,1
25-078,EPICSYST,R-310 PACKED BED REACTOR,Complete,2025-06-25,95.0,138.5,23650.0,316,0.0,0,9,9,6.0,0,False,3286.2799999999997,0,0,reactor,False,1
25-079,EPICSYST,R-311 PACKED BED REACTOR,Complete,2025-06-25,95.0,101.5,23650.0,316,0.0,0,9,9,6.0,0,False,3247.4,0,0,reactor,False,1
25-075,KEMIRAWS,SULFURIC ACID TANK,Complete,2025-06-17,315.0,301.75,135500.0,304L,0.5,12,12,10,6.0,0,True,54757.130000000005,0,0,tank,False,1
25-074,KEMIRAWS,T306 FERRIC SULFATE STORAGE TANK,Complete,2025-06-17,483.0,463.75,189050.0,316L,0.75,14,6,10,24.0,2,True,109032.15,0,0,storage_tank,False,1
25-076,IRVCPROD,GLUE CONTAINMENT DROPLET SEAL POT,Complete,2025-06-16,38.0,43.0,9900.0,304L,0.1875,2,4,6,6.0,0,False,2491.31,0,0,other,False,1
25-072,BURKINDU,SS STORAGE TANK #1,Complete,2025-06-16,395.0,381.5,135250.0,304L,0.3125,8,6,6,6.0,0,False,52565.74,0,0,storage_tank,False,1
25-073,BURKINDU,SS STORAGE TANK #2,Complete,2025-06-16,395.0,366.75,135250.0,304L,0.3125,8,6,6,6.0,0,False,52515.67,0,0,storage_tank,False,1
25-060,RECOCOMM,BUFFER TANK #5,Complete,2025-06-13,476.0,454.0,102250.0,SA516,0.375,8,0,0,0.0,0,True,22833.02,0,0,buffer_tank,False,1
25-061,RECOCOMM,BUFFER TANK #6,Complete,2025-06-13,476.0,403.5,102250.0,SA516,0.375,8,0,0,0.0,0,True,22833.02,0,0,buffer_tank,False,1
25-062,RECOCOMM,BUFFER TANK #7,Complete,2025-06-13,476.0,382.25,102250.0,SA516,0.375,8,0,0,0.0,0,True,22973.03,0,0,buffer_tank,False,1
25-063,RECOCOMM,BUFFER TANK #8,Complete,2025-06-13,476.0,382.25,102250.0,SA516,0.375,8,0,0,0.0,0,True,22973.03,0,0,buffer_tank,False,1
25-064,RECOCOMM,BUFFER TANK #9,Complete,2025-06-13,476.0,383.0,102250.0,SA516,0.375,8,0,0,0.0,0,True,22833.02,0,0,buffer_tank,False,1
25-065,RECOCOMM,BUFFER TANK #10,Complete,2025-06-13,476.0,389.5,102250.0,SA516,0.375,8,0,0,0.0,0,True,23011.14,0,0,buffer_tank,False,1
25-056,RECOCOMM,BUFFER TANK #1,Complete,2025-06-13,476.0,448.5,102250.0,SA516,0.375,8,1,0,0.0,0,True,24596.760000000002,0,0,buffer_tank,False,1
25-057,RECOCOMM,BUFFER TANK #2,Complete,2025-06-13,476.0,443.75,102250.0,SA516,0.375,8,0,0,0.0,0,True,22833.02,0,0,buffer_tank,False,1
25-058,RECOCOMM,BUFFER TANK #3,Complete,2025-06-13,476.0,545.0,102250.0,SA516,0.5,10,0,0,0.0,0,True,26900.680000000004,0,0,buffer_tank,False,1
25-059,RECOCOMM,BUFFER TANK #4,Complete,2025-06-13,476.0,433.5,102250.0,SA516,0.375,8,0,0,0.0,0,True,22833.02,0,0,buffer_tank,False,1
25-066,RECOCOMM,BUFFER TANK #11,Complete,2025-06-13,476.0,460.0,102250.0,SA516,0.375,8,0,0,0.0,0,True,22833.02,0,0,buffer_tank,False,1
25-067,RECOCOMM,BUFFER TANK #12,Complete,2025-06-13,476.0,411.75,102250.0,SA516,0.375,8,0,0,0.0,0,True,22833.02,0,0,buffer_tank,False,1
25-068,RECOCOMM,BUFFER TANK #13,Complete,2025-06-13,476.0,407.25,102250.0,SA516,0.375,8,0,0,0.0,0,True,22861.49,0,0,buffer_tank,False,1
25-069,RECOCOMM,BUFFER TANK #14,Complete,2025-06-13,476.0,398.5,102250.0,SA516,0.375,8,0,2,24.0,0,True,24761.49,0,0,buffer_tank,False,1
25-070,RECOCOMM,BUFFER TANK #15,Active,2025-06-13,476.0,355.75,102250.0,SA516,0.375,8,0,2,24.0,0,False,26661.49,0,0,buffer_tank,False,1
25-071,RECOCOMM,BUFFER TANK #16,Active,2025-06-13,476.0,370.0,102250.0,SA516,0.375,8,0,2,24.0,0,True,26679.680000000004,0,0,buffer_tank,False,1
25-055,AIRGASNITR,SST N20 REACTOR,Active,2025-06-12,540.0,217.0,136000.0,304L,0.5,4,27,21,6.0,2,False,55737.15,0,0,reactor,False,1
25-053,ANDRITZI,VAPOR DUCTING 300122163,Active,2025-06-02,120.0,175.5,82000.0,2205,0.25,4,10,4,18.0,0,False,24936.37,0,0,other,False,1
25-054,CHROMASC,CHLOROSULFONIC ACID BULK STORAGE TK,Complete,2025-06-02,436.0,482.0,159500.0,316L,0.625,10,7,14,24.0,2,True,59542.23,0,0,storage_tank,False,1
24-073,R2TCONSTRU,TAXES,Active,2025-05-21,0.0,0.0,77824.0,UNKNOWN,0.0,0,0,0,0.0,0,False,0.0,0,0,other,False,1
25-052,KRATCHEM,SKIM OIL TANK,Complete,2025-05-19,536.0,572.5,186850.0,SA516,0.5,6,14,24,30.0,2,True,92047.17,0,0,tank,False,1
25-051,USSUGARC,EXPLOSION VENT PANEL,Active,2025-05-13,0.0,0.0,5700.0,UNKNOWN,0.0,0,0,0,0.0,0,False,3836.0,0,0,other,False,1
25-050,THEINDUS,(8) GASKETS,Active,2025-05-12,0.0,0.0,1500.0,UNKNOWN,0.0,0,0,0,0.0,0,False,292.37,0,0,other,False,1
25-049,YOWNBOIL,TANK PATCH REPAIR,Active,2025-05-06,0.0,0.0,1250.0,316L,0.0,0,0,2,4.0,0,False,337.13,0,0,tank,False,1
25-048,USSUGARC,EXPLOSION VENT PANEL,Active,2025-04-28,0.0,0.0,19950.0,UNKNOWN,0.0,0,0,0,0.0,0,False,13851.27,0,0,other,False,1
25-047,APPLINDU,(2) VIBE PADS,Active,2025-04-21,4.0,2.0,950.0,UNKNOWN,0.0,0,0,0,0.0,0,False,0.0,0,0,other,False,1
25-046,INDUSUPP,CHASE GASKET,Active,2025-04-14,0.0,0.0,950.0,UNKNOWN,0.0,0,0,0,0.0,0,False,562.0,0,0,other,False,1
25-045,PROPIPE,NOZZLES AND AGITATOR SUPPORTS,Active,2025-04-05,29.0,32.5,38525.0,304L,0.875,2,8,9,12.0,0,False,14716.05,0,0,other,False,1
25-044,NOAHINDU,CLEAR CHEST,Complete,2025-04-01,551.0,461.5,210300.0,304L,0.5,16,4,18,42.0,0,False,126066.60000000003,0,0,other,False,1
25-043,ECOPOL,FEA & CYCLIC ANALYSIS,Active,2025-03-27,0.0,0.0,1.0,UNKNOWN,0.0,0,0,0,0.0,0,False,12000.0,0,0,other,False,1
25-042,ANDRITZI,FOUL CONDENSATE TANK,Active,2025-03-19,85.0,87.5,20700.0,304L,0.1875,2,8,8,6.0,2,False,2928.19,0,0,tank,False,1
25-041,INDUSUPP,CHASE GASKET,Active,2025-03-10,0.0,0.0,425.0,UNKNOWN,0.0,0,0,0,0.0,0,False,230.0,0,0,other,False,1
25-040,NAKKILNS,HR 120 SHELL,Active,2025-03-05,234.0,365.0,1128000.0,UNKNOWN,0.0,3,0,0,0.0,0,False,872122.79,0,0,other,False,1
25-039,ZACHMAIN,FILTER TANK,Complete,2025-02-26,312.0,321.25,119550.0,316L,0.5,4,13,10,20.0,2,False,58314.57000000001,0,0,tank,False,1
25-038,AJAYNAMER,PE STAMP FOR JN 122-22,Active,2025-02-21,0.0,0.0,3250.0,UNKNOWN,0.0,0,0,0,0.0,0,False,2250.0,0,0,other,False,1
25-030,IRVCPROD,DAF RECOVERED FIBER TANK,Complete,2025-02-04,284.0,300.0,62000.0,304L,0.25,10,8,10,8.0,0,True,24651.22,0,0,tank,False,1
25-033,IRVCPROD,BOW SCREEN RECOVERED FIBER TANK,Complete,2025-02-04,284.0,309.0,66300.0,304L,0.25,10,10,10,12.0,0,True,28982.889999999996,0,0,tank,False,1
25-034,IRVCPROD,TAD SEAL POT,Complete,2025-02-04,61.0,84.0,12150.0,304L,0.1875,6,4,4,8.0,0,True,2587.76,0,0,other,False,1
25-035,IRVCPROD,FORMING SEAL POT,Complete,2025-02-04,185.0,261.0,44650.0,304L,0.1875,4,8,8,12.0,0,True,12860.859999999999,0,0,other,False,1
25-036,IRVCPROD,DB TAD SEAL POT,Complete,2025-02-04,93.0,135.5,21800.0,304L,0.1875,2,6,6,10.0,0,True,4459.51,0,0,other,False,1
25-027,IRVCPROD,YANKEE MACHINE CHEST,Complete,2025-02-04,313.0,337.5,79500.0,304L,0.25,16,12,12,12.0,0,True,27460.89,0,0,other,False,1
25-028,IRVCPROD,CORE MACHINE CHEST,Complete,2025-02-04,272.0,278.0,66500.0,304L,0.25,16,10,12,12.0,0,True,28519.23,0,0,other,False,1
25-029,IRVCPROD,TAD MACHINE CHEST,Complete,2025-02-04,313.0,357.5,76750.0,304L,0.25,16,12,12,12.0,0,True,33313.86,0,0,other,False,1
25-025,IRVCPROD,TAD FABRIC RELEASE BULK TANK,Complete,2025-02-04,300.0,312.75,76500.0,316L,0.25,12,8,10,4.0,0,True,24169.69,0,0,tank,False,1
25-026,IRVCPROD,CREPING ADHESIVE BULK TANK,Complete,2025-02-04,365.0,316.25,92250.0,316L,0.25,12,10,10,4.0,0,True,26647.230000000003,0,0,tank,False,1
25-031,IRVCPROD,WET STRENGTH RESIN BULK STORAGE TK#1,Complete,2025-02-04,396.0,363.5,98650.0,316L,0.25,16,8,12,6.0,0,True,31376.090000000004,0,0,storage_tank,False,1
25-032,IRVCPROD,WET STRENGTH RESIN BULK STORAGE TK#2,Complete,2025-02-04,334.0,284.75,95400.0,316L,0.25,16,6,12,6.0,0,True,28716.159999999996,0,0,storage_tank,False,1
25-037,IRVCPROD,DRY STRENGTH BULK TANK,Complete,2025-02-04,347.0,384.75,92000.0,316L,0.25,12,10,10,6.0,0,True,28842.42,0,0,tank,False,1
25-023,ANDRITZI,PRODUCT LIQUOR FLASH TANK,Complete,2025-01-30,121.0,125.5,29250.0,304L,0.25,4,4,6,20.0,2,False,9764.380000000001,0,0,flash_tank,False,1
25-024,ANDRITZI,CLEAN CONDENSATE SURGE TANK,Complete,2025-01-30,98.0,91.5,21500.0,304L,0.25,4,6,8,6.0,2,False,5799.73,0,0,surge_tank,False,1
25-008,KIMBCLAR,160-TK-22006,Complete,2025-01-28,255.0,297.5,77000.0,316L,0.25,8,10,12,12.0,0,True,28905.54,0,0,other,False,1
25-020,KIMBCLAR,360-TK-36102,Complete,2025-01-28,481.0,459.75,158500.0,316L,0.3125,14,8,0,0.0,0,True,114630.88,0,0,other,False,1
25-021,KIMBCLAR,861-TK-86101,Complete,2025-01-28,353.0,365.0,122750.0,304L,0.3125,10,0,0,0.0,0,True,78453.13,0,0,other,False,1
25-017,KIMBCLAR,370-TK-37005,Complete,2025-01-28,205.0,214.0,58500.0,304L,0.25,4,0,0,0.0,0,True,19424.430000000004,0,0,other,False,1
25-014,KIMBCLAR,360-TK-36006,Complete,2025-01-28,275.0,222.0,77750.0,316L,0.375,8,0,0,0.0,0,True,31751.14,0,0,other,False,1
25-015,KIMBCLAR,360-TK-36101,Complete,2025-01-28,360.0,350.0,102250.0,316L,0.25,12,0,0,0.0,0,True,43426.82000000001,0,0,other,False,1
25-007,KIMBCLAR,160-TK-16001,Complete,2025-01-28,389.0,397.25,106000.0,304L,0.375,14,10,14,20.0,0,True,63124.22,0,0,other,False,1
25-011,KIMBCLAR,230-TK-23001,Complete,2025-01-28,298.0,270.0,92750.0,304L,0.375,10,0,0,0.0,0,False,33227.259999999995,0,0,other,False,1
25-010,KIMBCLAR,220-TK-22112,Complete,2025-01-28,116.0,88.5,29750.0,304L,0.1875,2,4,0,0.0,0,False,9698.869999999999,0,0,other,False,1
25-016,KIMBCLAR,370-TK-37001,Complete,2025-01-28,261.0,194.0,63000.0,304L,0.25,4,0,0,0.0,0,True,23762.430000000004,0,0,other,False,1
25-019,KIMBCLAR,520-TK-52001,Complete,2025-01-28,261.0,158.5,61000.0,316L,0.375,8,0,0,0.0,0,True,26650.57,0,0,other,False,1
25-009,KIMBCLAR,220-TK-22001,Complete,2025-01-28,305.0,293.5,83250.0,304L,0.375,8,10,14,12.0,0,True,26048.54,0,0,other,False,1
25-018,KIMBCLAR,420-BT-42001,Complete,2025-01-28,450.0,522.75,130500.0,316L,0.5,12,10,12,20.0,0,True,78283.74,0,0,other,False,1
25-013,KIMBCLAR,340-TK-34001,Complete,2025-01-28,365.0,347.5,116750.0,304L,0.25,8,0,0,0.0,0,True,45951.55,0,0,other,False,1
25-012,KIMBCLAR,330-TK-3301,Complete,2025-01-28,291.0,321.25,69850.0,304L,0.25,4,2,2,6.0,0,False,29511.71,0,0,other,False,1
25-022,KIMBCLAR,EST SHIPPING 25-007/021;25-094 ,Active,2025-01-28,0.0,0.0,235000.0,UNKNOWN,0.0,0,0,0,0.0,0,False,0.0,0,0,other,False,1
25-006,CONSDESI,USE OF SHOP INSULATION,Active,2025-01-27,0.0,0.0,10000.0,UNKNOWN,0.0,0,0,0,0.0,0,False,0.0,0,0,other,False,1
25-005,CYTECIND,P-50 REPLACEMENT,Complete,2025-01-21,203.0,224.75,75050.0,316L,0.5,8,12,22,20.0,2,False,36800.3,0,0,other,False,1
25-002,THIEKAOL,SURGE TANK,Complete,2025-01-17,65.0,62.5,16650.0,316L,0.3125,4,2,4,4.0,0,False,3209.19,0,0,surge_tank,False,1
25-003,THIEKAOL,BLUNGER TANK #3,Complete,2025-01-17,414.0,324.5,93900.0,316L,0.5,14,2,4,3.0,0,True,25126.72,0,0,tank,False,1
25-004,THIEKAOL,BLUNGER TANK #4,Complete,2025-01-17,404.0,300.0,89150.0,316L,0.5,14,2,4,3.0,0,True,23269.18,0,0,tank,False,1
25-001,USSUGARSV,"144"" FLAT BOTTOM",Active,2025-01-14,12.0,7.5,6100.0,UNKNOWN,0.0,0,0,0,0.0,0,False,0.0,0,0,other,False,1
24-072,R2TCONSTRU,EXTENDED WARRANTY,Active,2024-12-18,0.0,0.0,27630.0,UNKNOWN,0.0,0,0,0,0.0,0,False,0.0,0,0,other,False,1
24-071,R2TCONSTRU,TANGENTIAL NOZZLE CHARGES,Active,2024-12-18,1.0,0.0,6800.0,UNKNOWN,0.0,0,0,0,0.0,0,False,0.0,0,0,other,False,1
24-069,R2TCONSTRU,LIME BULK STORAGE TANK #5,Complete,2024-12-18,490.0,469.0,173970.0,SA36,0.375,20,10,7,6.0,0,False,73462.76,0,0,storage_tank,False,1
24-063,R2TCONSTRU,LIME DAY TANK #1,Complete,2024-12-18,443.0,350.25,138280.0,304L,0.375,10,12,7,6.0,0,False,53730.78,0,0,tank,False,1
24-064,R2TCONSTRU,LIME DAY TANK #2,Complete,2024-12-18,443.0,343.5,138280.0,304L,0.375,10,12,7,6.0,0,False,47652.67999999999,0,0,tank,False,1
24-068,R2TCONSTRU,LIME BULK STORAGE TANK #4,Complete,2024-12-18,490.0,439.0,169600.0,SA36,0.375,20,10,7,6.0,0,False,71343.62999999999,0,0,storage_tank,False,1
24-066,R2TCONSTRU,LIME BULK STORAGE TANK #2,Complete,2024-12-18,490.0,452.75,161600.0,SA36,0.375,20,10,7,6.0,0,False,61339.06,0,0,storage_tank,False,1
24-065,R2TCONSTRU,LIME BULK STORAGE TANK #1,Complete,2024-12-18,490.0,474.5,161600.0,SA36,0.375,20,18,12,6.0,0,False,65354.850000000006,0,0,storage_tank,False,1
24-070,R2TCONSTRU,LIME BULK STORAGE TANK #6,Complete,2024-12-18,490.0,440.5,173970.0,SA36,0.375,20,10,7,6.0,0,False,73628.42,0,0,storage_tank,False,1
24-067,R2TCONSTRU,LIME BULK STORAGE TANK #3,Complete,2024-12-18,490.0,458.75,169600.0,SA36,0.375,20,10,7,6.0,0,False,67956.63,0,0,storage_tank,False,1
24-062,CONSDESI,CHILL WATER TANK,Complete,2024-12-10,533.0,580.0,159900.0,304L,0.5,16,8,8,8.0,0,True,77273.36,0,0,tank,False,1
24-061,INDUSUPP,(2) CHASE GASKETS,Active,2024-11-19,0.0,0.0,950.0,UNKNOWN,0.0,0,0,0,0.0,0,False,532.0,0,0,other,False,1
24-060,GENERA1,NOZZLE SET,Complete,2024-11-18,6.0,7.0,2500.0,304L,0.0,0,4,4,6.0,0,False,636.5799999999999,0,0,other,False,1
24-059,LFMULTIC,ROLL HANDRAIL & ANGLE,Active,2024-10-30,21.0,12.0,1650.0,UNKNOWN,0.0,0,0,0,0.0,0,False,0.0,0,0,handrail_ladder,False,1
24-058,FLOQENGI,(5) MANWAY GASKETS,Active,2024-10-29,0.0,0.0,2590.0,UNKNOWN,0.0,0,0,0,0.0,0,False,1629.6,0,0,other,False,1
24-057,HOLBROOK,FORM (2) CONES,Active,2024-10-18,15.0,22.0,2800.0,SA36,0.625,2,0,0,0.0,0,False,452.46,0,0,other,False,1
24-056,GAF11111,(1) SKI PLATE,Complete,2024-09-24,2.0,1.0,500.0,UNKNOWN,0.0,0,0,0,0.0,0,False,0.0,0,0,other,False,1
24-050,KAOSPECI,ADAPTER PIECE,Complete,2024-08-30,0.0,0.0,6150.0,UNKNOWN,0.0,0,0,1,0.0,0,False,2906.03,0,0,other,False,1
24-053,GEOCYCLE,40K GALLON TANK #3,Complete,2024-08-29,724.0,767.0,226400.0,SA516,1.0,22,16,24,18.0,2,True,79085.94,0,0,tank,False,1
24-054,GEOCYCLE,40K GALLON TANK #4,Complete,2024-08-29,684.0,765.75,204400.0,SA516,1.0,20,16,24,18.0,2,True,85096.26999999999,0,0,tank,False,1
24-055,GEOCYCLE,40K GALLON TANK #5,Complete,2024-08-29,710.0,752.5,204400.0,SA516,1.0,18,16,26,18.0,2,True,85674.35999999999,0,0,tank,False,1
24-051,KEMIRAWS,NEW ACID TANK,Complete,2024-08-28,308.0,423.5,150250.0,SA516,1.0,6,4,8,24.0,2,False,70353.56,0,0,tank,False,1
24-052,KEMIRAWS,ACID OVERFLOW TANK,Complete,2024-08-28,167.0,160.5,47750.0,SA516,0.5,4,2,2,4.0,0,False,12117.07,0,0,tank,False,1
24-049,ROSENBLAD,ROLL (1) SET OF (5) SHELLS,Complete,2024-08-28,8.0,9.0,1750.0,UNKNOWN,0.0,0,0,0,0.0,0,False,0.0,0,0,other,False,1
24,,,Active,2024-08-19,0.0,0.0,0.0,UNKNOWN,0.0,0,0,0,0.0,0,False,0.0,0,0,unknown,False,1
24-046,SYMSENGI,NMP STORAGE TANK (TK-F502R),Active,2024-08-15,581.0,492.75,197500.0,304L,0.75,14,12,18,24.0,0,True,56458.799999999996,0,0,storage_tank,False,1
24-045,PISTINDU,OIL/WATER SEPARATION TANK,Active,2024-08-15,177.0,196.75,42400.0,304L,0.25,8,8,8,4.0,0,True,6478.79,0,0,tank,False,1
24-048,SYMSENGI,NMP STORAGE TANK (TK-F502),Complete,2024-08-15,667.0,684.5,195750.0,304L,0.75,14,12,14,24.0,0,True,50672.07,0,0,storage_tank,False,1
24-047,SYMSENGI,NMP STORAGE TANK (TK-F402),Complete,2024-08-15,667.0,672.75,195750.0,304L,0.75,14,12,16,24.0,0,True,43798.52,0,0,storage_tank,False,1
24-044,ROSENBLAD,FORM ELBOWS,Complete,2024-08-02,1.5,3.0,250.0,UNKNOWN,0.0,0,0,0,0.0,0,False,0.0,0,0,other,False,1
24-043,FLOQENGI,MANWAY HARDWARE TO CONVERT TO TOOL LESS,Active,2024-07-24,0.0,0.0,1700.0,UNKNOWN,0.0,0,0,0,0.0,0,False,888.0,0,0,other,False,1
24-042,SHIMAMER,DW STORAGE TANK,Complete,2024-07-17,101.0,106.5,22500.0,SA36,0.25,4,6,6,6.0,0,False,2753.2099999999996,0,0,storage_tank,False,1
24-041,SHERWILL,CAULK HOLD TANK,Complete,2024-07-16,183.0,247.25,73900.0,304L,0.25,4,4,6,8.0,2,False,28833.630000000005,0,0,tank,False,1
24-040,FIRSPLAC,CUT AND BEND PLATES,Active,2024-07-12,1.5,1.5,316.0,UNKNOWN,0.0,0,0,0,0.0,0,False,0.0,0,0,other,False,1
24-039,ROSENBLAD,FORM ELBOWS,Active,2024-06-25,10.0,31.5,1750.0,UNKNOWN,0.0,0,0,0,0.0,0,False,0.0,0,0,other,False,1
24-038,ROSENBLAD,Form (2) Cones per Customer Drawing,Active,2024-06-11,12.0,17.0,2500.0,UNKNOWN,0.0,0,0,0,0.0,0,False,0.0,0,0,other,False,1
24-026,NANTRENE,Blast & Paint Interior of JNs 068 & 069-22,Active,2024-05-31,0.0,0.0,34500.0,UNKNOWN,0.0,0,0,0,0.0,0,False,0.0,0,0,other,False,1
24-027,GARRMACH,SMALL DRYER PLATE #1,Complete,2024-05-30,94.0,74.0,21500.0,316L,0.1875,2,2,0,0.0,0,False,4677.34,0,0,dryer_plate,False,1
24-030,GARRMACH,SMALL DRYER PLATE #4,Complete,2024-05-30,94.0,55.0,21500.0,316L,0.1875,2,2,0,0.0,0,False,4801.84,0,0,dryer_plate,False,1
24-032,GARRMACH,SMALL DRYER PLATE #6,Complete,2024-05-30,94.0,77.5,21500.0,316L,0.1875,2,2,0,0.0,0,False,4803.46,0,0,dryer_plate,False,1
24-033,GARRMACH,LARGE DRYER PLATE #1,Complete,2024-05-30,117.0,70.5,28250.0,316L,0.1875,2,2,0,0.0,0,False,4130.889999999999,0,0,dryer_plate,False,1
24-036,GARRMACH,LARGE DRYER PLATE #4,Complete,2024-05-30,117.0,61.0,28250.0,316L,0.1875,2,2,0,0.0,0,False,4130.889999999999,0,0,dryer_plate,False,1
24-029,GARRMACH,SMALL DRYER PLATE #3,Complete,2024-05-30,94.0,61.0,21500.0,316L,0.1875,2,2,0,0.0,0,False,4803.46,0,0,dryer_plate,False,1
24-028,GARRMACH,SMALL DRYER PLATE #2,Complete,2024-05-30,94.0,69.75,21500.0,316L,0.1875,2,2,0,0.0,0,False,4803.46,0,0,dryer_plate,False,1
24-035,GARRMACH,LARGE DRYER PLATE #3,Complete,2024-05-30,117.0,65.0,28250.0,316L,0.1875,2,2,0,0.0,0,False,4130.889999999999,0,0,dryer_plate,False,1
24-034,GARRMACH,LARGE DRYER PLATE #2,Complete,2024-05-30,117.0,74.5,28250.0,316L,0.1875,2,2,0,0.0,0,False,4130.889999999999,0,0,dryer_plate,False,1
24-031,GARRMACH,SMALL DRYER PLATE #5,Complete,2024-05-30,94.0,64.5,21500.0,316L,0.1875,2,2,0,0.0,0,False,4803.46,0,0,dryer_plate,False,1
24-025,USSUGARC,EXPLOSION VENT PANEL,Active,2024-05-28,0.0,0.0,2760.0,UNKNOWN,0.0,0,0,0,0.0,0,False,2192.0,0,0,other,False,1
24-024,GARRMACH,310 SS CYLINDER,Active,2024-05-09,45.55,50.5,20000.0,SA240,0.0,0,0,0,0.0,0,False,13749.760000000002,0,0,other,False,1
24-023,ROSENBLAD,Rolled Shell Assembly,Complete,2024-05-02,4.0,2.0,600.0,UNKNOWN,0.0,0,0,0,0.0,0,False,0.0,0,0,other,False,1
24-022,CANNONUSA,(2) SETS LADDERS/HANDRAILS,Complete,2024-04-30,94.0,77.0,30000.0,SA36,0.0,0,2,0,0.0,0,False,4550.9,0,0,handrail_ladder,False,1
23-105,THEINDUS,SPARE GASKETS,Active,2024-04-15,0.0,0.0,16000.0,UNKNOWN,0.0,0,0,0,0.0,0,False,242.71999999999997,0,0,other,False,1
23-104,TURNCONS,FINANCE/STORAGE FEE,Active,2024-04-03,0.0,0.0,70425.0,UNKNOWN,0.0,0,0,0,0.0,0,False,0.0,0,0,other,False,1
24-020,KANGWON,ADDITIONAL REPAIRS TO 007-24,Active,2024-03-28,0.0,0.0,14500.0,UNKNOWN,0.0,0,0,0,0.0,0,False,0.0,0,0,other,False,1
24-021,KANGWON,ADDITIONAL REPAIRS TO 008-24,Active,2024-03-28,0.0,0.0,13500.0,UNKNOWN,0.0,0,0,0,0.0,0,False,0.0,0,0,other,False,1
24-008,BLUEOVAL,REPAIR OF 066,Complete,2024-03-18,67.0,80.75,35750.0,UNKNOWN,0.0,0,0,0,0.0,0,False,10274.0,0,0,other,False,1
24-007,BLUEOVAL,REPAIR OF NB #65,Complete,2024-03-18,80.0,79.25,55000.0,SA36,0.0,0,2,2,4.0,0,False,10470.519999999999,0,0,other,False,1
24-017,PERDUE,RBD OIL TANK #1,Complete,2024-03-15,628.0,694.25,190500.0,304L,0.75,10,12,12,4.0,2,False,60700.950000000004,0,0,tank,False,1
24-018,PERDUE,RBD OIL TANK #2,Complete,2024-03-15,628.0,657.75,190500.0,304L,0.75,10,12,12,4.0,2,False,50037.24,0,0,tank,False,1
24-019,PERDUE,RBD OIL TANK #3,Complete,2024-03-15,599.0,691.0,190500.0,304L,0.75,10,12,12,4.0,2,False,49040.14,0,0,tank,False,1
24-010,BERNHARD,EXTRUSION COOLING WATER TANK,Complete,2024-03-15,614.0,608.75,247650.0,304L,0.625,11,12,10,14.0,0,False,79482.48,0,0,tank,False,1
24-012,BERNHARD,TRENCH RETURN TANK (T-2721),Complete,2024-03-15,371.0,417.0,80200.0,304L,0.25,6,8,6,8.0,0,False,44022.77,0,0,tank,False,1
24-014,BERNHARD,TRENCH RETURN TANK (T-3721),Complete,2024-03-15,371.0,323.0,80200.0,304L,0.25,6,8,6,8.0,0,False,43994.24,0,0,tank,False,1
24-015,BERNHARD,OIL TANK (T-2620),Complete,2024-03-15,525.0,621.5,217500.0,304,0.3125,16,16,20,12.0,0,True,94686.03000000001,0,0,tank,False,1
24-009,BERNHARD,TCU COOLING WATER TANK (T-2251),Complete,2024-03-15,536.0,491.0,222250.0,304L,0.625,12,10,8,12.0,0,False,66845.52,0,0,tank,False,1
24-011,BERNHARD,CONDENSATE SYS TK (T-2741),Complete,2024-03-15,264.0,403.0,91750.0,SA516,0.625,14,14,18,18.0,2,False,48880.1,0,0,other,False,1
24-013,BERNHARD,CONDENSATE SYS TK (T-3741),Complete,2024-03-15,264.0,371.0,91750.0,SA516,0.625,14,14,18,18.0,2,False,48880.1,0,0,other,False,1
24-006,CYTECIND,DTBPO PORTABLE TANK,Complete,2024-02-20,99.0,92.5,27450.0,316L,0.5,4,6,8,2.0,2,False,9147.33,0,0,tank,False,1
24-004,KEMIRAWS,SOLUTIZER,Complete,2024-02-16,523.0,609.5,313000.0,2205,0.625,10,12,19,10.0,0,True,182745.74,0,0,other,False,1
24-005,KEMIRAWS,OXIDIZER,Complete,2024-02-08,975.0,1007.25,496750.0,2205,0.75,4,18,24,24.0,2,True,305999.31999999995,0,0,other,False,1
24-002,NUTRIEN,S33 HAA STRIPPER SEPARATOR,Complete,2024-01-25,123.0,107.5,36500.0,316L,0.75,6,10,12,12.0,0,False,9229.51,0,0,separator,False,1
24-003,BAKELITE,AQUEOUS AMMONIA TANK,Complete,2024-01-25,571.0,729.75,151250.0,SA516,0.5,4,12,12,24.0,2,False,62543.009999999995,0,0,tank,False,1
24-001,LIOCHEM1,CHANGE ORDER TO 23-053 & 23-054,Active,2024-01-25,0.0,0.0,22500.0,UNKNOWN,0.0,0,0,0,0.0,0,False,0.0,0,0,other,False,1
23-103,GAF11111,SS SKI PLATE,Complete,2023-12-12,6.0,0.0,1500.0,UNKNOWN,0.0,0,0,0,0.0,0,False,0.0,0,0,other,False,1
23-102,THEINDUS,EXTENDED WARRANTY,Active,2023-12-04,0.0,0.0,23500.0,UNKNOWN,0.0,0,0,0,0.0,0,False,0.0,0,0,other,False,1
23-075,TURNCONS,V-3091 ANU WORKING TANK W/AGITATOR,Active,2023-11-17,0.0,0.0,87500.0,304L,0.25,8,0,4,24.0,2,False,81358.07,0,0,tank,False,1
23-076,TURNCONS,V-3101 ANU WORKING TANK W/AGITATOR,Active,2023-11-17,0.0,0.0,87500.0,304L,0.25,8,0,4,24.0,2,False,82715.56,0,0,tank,False,1
23-077,TURNCONS,V-3111 ANU WORKING TANK W/AGITATOR,Active,2023-11-17,0.0,0.0,100050.0,304L,0.25,8,0,4,24.0,2,False,52575.56,0,0,tank,False,1
23-078,TURNCONS,V-3121 ANU WORKING TANK W/AGITATOR,Active,2023-11-17,0.0,0.0,87500.0,304L,0.25,8,0,4,24.0,2,False,82715.56,0,0,tank,False,1
23-079,TURNCONS,V-3141 ANU WORKING TANK W/AGITATOR,Active,2023-11-17,0.0,0.0,100050.0,304L,0.25,8,0,4,24.0,2,False,52575.56,0,0,tank,False,1
23-080,TURNCONS,r-3401 OPACIFIER MIXING TANK,Active,2023-11-17,0.0,0.0,46400.0,304L,0.25,4,0,4,20.0,2,False,33718.32,0,0,tank,False,1
23-081,TURNCONS,4-3441 OPACIFIER DISTRIBUTION TANK,Active,2023-11-17,0.0,0.0,75000.0,304L,0.25,4,0,4,20.0,2,False,61516.6,0,0,tank,False,1
23-082,TURNCONS,R-3451 OPACIFIER DISTRIBUTION TANK,Active,2023-11-17,0.0,0.0,75000.0,304L,0.25,4,0,4,20.0,2,False,61516.6,0,0,tank,False,1
23-084,TURNCONS,V-5161 CIP COLLECTION TANK,Active,2023-11-17,0.0,0.0,32250.0,304L,0.1875,2,0,4,18.0,2,False,8154.96,0,0,tank,False,1
23-085,TURNCONS,V-4641 ETHANOL COLLECTION TANK,Active,2023-11-17,0.0,0.0,16050.0,304L,0.1875,2,0,0,0.0,2,False,1653.33,0,0,tank,False,1
23-086,TURNCONS,R-3271 CATALYST TANK,Active,2023-11-17,0.0,0.0,48900.0,304L,0.25,4,0,0,0.0,2,False,43955.32,0,0,tank,False,1
23-087,TURNCONS,R-3291 CATALYST TANK,Active,2023-11-17,0.0,0.0,48150.0,304L,0.25,4,0,0,0.0,2,False,43955.32,0,0,tank,False,1
23-088,TURNCONS,R-3581 CATALYST NEUTRALIZATION TANK,Active,2023-11-17,0.0,0.0,54950.0,304L,0.25,8,0,0,0.0,2,False,55381.740000000005,0,0,tank,False,1
23-089,TURNCONS,V-5051 KNOCK OUT POT,Active,2023-11-17,0.0,0.0,39750.0,SA516,0.25,4,0,0,0.0,2,False,7071.4800000000005,0,0,other,False,1
23-090,TURNCONS,V-5261 KNOCK OUT POT,Active,2023-11-17,0.0,0.0,38700.0,SA516,0.25,4,0,0,0.0,2,False,7071.4800000000005,0,0,other,False,1
23-091,TURNCONS,V-5061 KNOCK OUT POT,Active,2023-11-17,0.0,0.0,48300.0,SA516,0.75,2,0,0,0.0,2,False,12374.08,0,0,other,False,1
23-092,TURNCONS,V-6002 KNOCK OUT POT,Active,2023-11-17,0.0,0.0,37200.0,304L,0.1875,2,0,0,0.0,2,False,9548.119999999999,0,0,other,False,1
23-093,TURNCONS,SAMPLING VALVES,Active,2023-11-17,0.0,0.0,18540.0,UNKNOWN,0.0,0,0,0,0.0,0,False,30998.489999999998,0,0,other,False,1
23-083,TURNCONS,V-5251 SEAL WATER COLLECTION TANK,Active,2023-11-17,0.0,0.0,22200.0,304L,0.1875,2,0,0,0.0,2,False,5983.46,0,0,tank,False,1
23-094,THEINDUS,LINE 2 REFINER FEED TANK,Complete,2023-11-17,379.0,332.5,92300.0,304L,0.375,10,10,16,12.0,0,False,25895.449999999997,0,0,tank,False,1
23-095,THEINDUS,LINE 2 REFINED STOCK TANK,Complete,2023-11-17,392.0,381.5,102050.0,304L,0.375,12,12,16,12.0,0,False,33823.41,0,0,tank,False,1
23-096,THEINDUS,LINE 2 THERMOFORMER BLEND TANK,Complete,2023-11-17,479.0,492.25,165817.0,304L,0.375,14,14,18,12.0,0,True,72471.82,0,0,tank,False,1
23-097,THEINDUS,WOOD PULP LEVELING TANK,Complete,2023-11-17,395.0,364.25,106895.0,304L,0.375,6,12,16,12.0,0,False,30638.09,0,0,tank,False,1
23-098,THEINDUS,LINE 1 REFINER FEED TANK,Complete,2023-11-17,392.0,332.5,99894.0,304L,0.375,10,10,14,12.0,0,False,40511.92,0,0,tank,False,1
23-099,THEINDUS,LINE 1 REFINED STOCK TANK,Complete,2023-11-17,455.0,388.25,117500.0,304L,0.375,12,14,18,12.0,0,False,40038.33999999999,0,0,tank,False,1
23-100,THEINDUS,LINE 1A THERMOFORMER BLEND TANK,Complete,2023-11-17,455.0,530.5,144750.0,304L,0.375,16,14,16,12.0,0,True,55597.78999999999,0,0,tank,False,1
23-101,THEINDUS,LINE 1B THERMOFORMER BLEND TANK,Complete,2023-11-17,455.0,406.0,144750.0,304L,0.375,14,14,16,12.0,0,True,49249.57999999999,0,0,tank,False,1
23-074,GEOCYCLE,40K GALLON TANK #2,Complete,2023-10-12,677.0,770.5,198750.0,SA516,1.0,20,16,24,18.0,2,True,87102.47,0,0,tank,False,1
23-073,GEOCYCLE,40K GALLON TANK #1,Complete,2023-10-11,677.0,716.75,198750.0,SA516,1.0,20,16,24,18.0,2,True,79930.87000000001,0,0,tank,False,1
23-072,SYMSENGI,CHANGE ORDER TO 067-23,Active,2023-10-10,0.0,0.0,30000.0,UNKNOWN,0.0,0,0,0,0.0,0,False,0.0,0,0,other,False,1
23-071,LIOCHEM1,"13,000 GAL STORAGE TANK",Complete,2023-10-09,388.0,418.0,96350.0,304L,0.25,10,20,24,8.0,0,False,29146.02,0,13000,storage_tank,False,1
23-066,ENCHEMAM,ADDITIONS-YT-1410 & YT-1420,Active,2023-09-20,0.0,0.0,146000.0,UNKNOWN,0.0,0,0,0,0.0,0,False,0.0,0,0,other,False,1
23-070,SYMSENGI,NMP STORAGE TANK (TK-F302),Complete,2023-09-13,604.0,620.5,176900.0,304L,0.75,22,14,18,24.0,0,True,64671.1,0,0,storage_tank,False,1
23-067,SYMSENGI,NMP WASTE TANK (TK-F103),Complete,2023-09-13,481.0,546.5,164400.0,304L,0.75,18,12,14,24.0,0,True,86726.23000000001,0,0,tank,False,1
23-068,SYMSENGI,NMP STORAGE TANK (TK-F102),Complete,2023-09-13,604.0,740.75,176900.0,304L,0.75,22,12,16,24.0,0,True,63944.63,0,0,storage_tank,False,1
23-069,SYMSENGI,NMP STORAGE TANK (TK-F202),Complete,2023-09-13,604.0,626.0,176900.0,304L,0.75,22,12,16,24.0,0,True,57664.13,0,0,storage_tank,False,1
23-065,HALOPROD,REBOILER W/BONNET,Complete,2023-09-07,72.0,106.0,41950.0,316L,0.5,8,4,17,10.0,0,True,27360.739999999998,0,0,other,False,1
23-063,SOLVSPEC,T-4575,Complete,2023-08-11,321.0,270.0,90000.0,316L,0.5,22,12,14,8.0,0,True,25748.710000000003,0,0,other,False,1
23-064,SOLVSPEC,T-4559,Complete,2023-08-11,321.0,274.5,90000.0,316L,0.5,16,12,16,8.0,0,False,21692.4,0,0,other,False,1
23-062,SOLVSPEC,R-4203 WASH VESSEL,Complete,2023-08-11,800.0,919.0,337300.0,316L,1.0,15,26,24,24.0,2,True,177263.78999999998,0,0,vessel,False,1
23-061,EPICSYST,V-120,Complete,2023-08-08,100.0,91.0,23550.0,304L,0.1875,2,6,6,8.0,2,False,3651.35,0,0,other,False,1
23-057,EPICSYST,TK-300,Complete,2023-08-08,150.0,139.25,32800.0,304L,0.1875,2,6,8,4.0,0,False,7478.950000000001,0,0,other,False,1
23-058,EPICSYST,TK-600,Complete,2023-08-08,107.0,126.0,28800.0,304L,0.1875,2,8,10,3.0,0,False,4428.98,0,0,other,False,1
23-059,EPICSYST,TK-720,Complete,2023-08-08,132.0,115.0,34300.0,304L,0.1875,4,6,8,4.0,0,False,5261.91,0,0,other,False,1
23-060,EPICSYST,V-100,Complete,2023-08-08,121.0,131.0,28300.0,316L,0.25,4,6,10,20.0,2,False,12751.55,0,0,other,False,1
23-056,FLOQENGI,"(4) 24"" GASKETS",Active,2023-08-08,0.0,0.0,1900.0,UNKNOWN,0.0,0,0,0,0.0,0,True,1241.6,0,0,other,False,1
23-055,AJAYNAMER,C276 REACTOR,Complete,2023-07-25,254.0,319.0,218500.0,316L,0.375,8,10,10,18.0,2,False,145425.34999999998,0,0,reactor,False,1
23-054,LIOCHEM1,100KL SOLVENT TANK,Complete,2023-07-19,453.0,520.5,125250.0,304L,0.25,4,22,22,8.0,0,False,66474.53,0,0,tank,False,1
23-053,LIOCHEM1,100KL SOLVENT TANK,Complete,2023-07-19,453.0,579.5,125250.0,304L,0.25,4,22,22,8.0,0,False,42693.43,0,0,tank,False,1
23-051,KOCHMODU,C-100 COLUMN ASSEMBLY,Complete,2023-06-22,621.0,1341.5,149400.0,SA516,0.875,12,10,12,24.0,2,True,48915.18,0,0,other,False,1
23-052,KOCHMODU,V-1OO COLUMN DECANTER,Complete,2023-06-22,167.0,236.0,45900.0,SA516,0.5,6,8,10,20.0,2,True,19547.22,0,0,other,False,1
23-047,ARCHWOOD,V-3230 MCA STORAGE TANK,Complete,2023-06-05,674.0,726.25,155000.0,304L,0.5,16,10,16,14.0,0,False,60613.54000000001,0,0,storage_tank,False,1
23-045,ARCHWOOD,V-3210 MCA STORAGE TANK,Complete,2023-06-05,674.0,792.0,155000.0,304L,0.5,14,10,16,14.0,0,False,105408.91,0,0,storage_tank,False,1
23-048,ARCHWOOD,V-3240 MCA STORAGE TANK,Complete,2023-06-05,670.0,702.25,155000.0,304L,0.5,16,10,16,14.0,0,False,71865.4,0,0,storage_tank,False,1
23-044,ARCHWOOD,V-3200 ETHACRYL STORAGE TANK,Complete,2023-06-05,675.0,938.0,133750.0,304L,0.3125,18,10,14,10.0,2,False,64960.68,0,0,storage_tank,False,1
23-046,ARCHWOOD,V-3220 MCA STORAGE TANK,Complete,2023-06-05,674.0,744.0,155000.0,304L,0.5,16,10,16,14.0,0,False,68975.28,0,0,storage_tank,False,1
23-049,ARCHWOOD,PLATFORM SYSTEM,Active,2023-06-05,0.0,0.0,162500.0,UNKNOWN,0.0,0,0,0,0.0,0,False,0.0,0,0,other,False,1
23-050,ARCHWOOD,FREIGHT,Active,2023-06-05,0.0,0.0,42300.0,UNKNOWN,0.0,0,0,0,0.0,0,False,0.0,0,0,other,False,1
23-043,ENCHEMAM,INSTALL (6) 100 M3 STORAGE TANKS,Active,2023-06-02,0.0,0.0,0.0,UNKNOWN,0.0,0,0,0,0.0,0,False,80776.21,0,0,storage_tank,False,1
23-042,ENCHEMAM,300 M3 SS API TANK (FIELD KIT),Active,2023-06-02,661.0,648.5,208250.0,304L,1.0,20,14,14,5.0,0,False,384627.26999999996,0,0,tank,False,1
23-041,ENCHEMAM,300 M3 SS API TANK (FIELD KIT),Complete,2023-06-02,694.0,909.75,208250.0,304L,1.0,20,12,14,5.0,0,False,377771.62,0,0,tank,False,1
23-040,VALMONT,"6,000 GAL STORAGE TANK",Complete,2023-05-30,441.0,497.75,105150.0,304L,0.25,6,6,8,6.0,0,False,25278.260000000002,0,6000,storage_tank,False,1
23-039,CONCRET,SPARE PARTS,Active,2023-05-30,0.0,0.0,50.0,UNKNOWN,0.0,0,0,2,2.0,0,False,22.7,0,0,other,False,1
23-038,CORROCOAT,REPLACEMENT PARTS,Active,2023-05-25,2.0,4.0,5175.0,UNKNOWN,0.0,0,0,4,24.0,0,False,2275.65,0,0,other,False,1
23-036,ALPHAPET,L1 EXPANSION TANK,Complete,2023-05-19,156.0,149.0,38400.0,SA516,0.375,4,6,3,2.0,2,False,10257.630000000001,0,0,tank,False,1
23-037,ALPHAPET,L2 EXPANSION TANK,Complete,2023-05-19,156.0,159.0,38400.0,SA516,0.375,4,6,3,2.0,2,False,10255.67,0,0,tank,False,1
23-035,CYTECIND,T-4922 REPLACEMENT,Complete,2023-05-15,90.0,87.0,26000.0,316L,0.0,0,11,6,4.0,0,True,3999.23,0,0,other,False,1
23-034,ANDRITZI,3RD EFFECT FOUL CONDENSATE TANK,Complete,2023-05-09,86.0,98.0,17500.0,304L,0.1875,2,6,8,6.0,2,False,3139.95,0,0,tank,False,1
23-033,SYMRISE,ADD CAGE TO LADDER,Complete,2023-05-03,16.0,17.0,3900.0,UNKNOWN,0.0,0,0,0,0.0,0,False,0.0,0,0,handrail_ladder,False,1
23-032,CYTECIND,CAUSTIC STORAGE TANK,Complete,2023-04-27,158.0,168.25,43500.0,304L,0.1875,2,6,12,24.0,2,False,12936.100000000002,0,0,storage_tank,False,1
23-028,COLOCHEM,R16 RECEIVER,Complete,2023-04-11,204.0,253.0,72425.0,304L,0.375,6,8,12,20.0,4,False,40658.689999999995,0,0,other,False,1
23-029,COLOCHEM,R17 RECEIVER,Complete,2023-04-11,204.0,223.5,72425.0,304L,0.375,6,8,12,20.0,2,False,23373.489999999998,0,0,other,False,1
23-030,SYMSENGI,NMP STORAGE TANK (TK-F302),Complete,2023-04-11,569.0,636.75,193000.0,304L,0.75,14,10,14,24.0,0,True,69382.0,0,0,storage_tank,False,1
23-031,SYMSENGI,NMP STORAGE TANK (TK-402),Complete,2023-04-11,569.0,607.0,193000.0,304L,0.75,14,10,14,24.0,0,True,102020.37,0,0,storage_tank,False,1
23-027,SYMSENGI,NMP STORAGE TANK (TK-F202),Complete,2023-04-10,569.0,721.25,185000.0,304L,0.75,14,10,14,24.0,0,True,113465.01000000001,0,0,storage_tank,False,1
23-026,SOLVSPEC,"10,000 GAL BLEND TANK",Complete,2023-04-04,710.0,912.25,205500.0,316L,0.375,14,14,10,8.0,0,False,72706.34999999999,0,10000,tank,False,1
23-025,LEARWEST,(4) ROLLED RINGS,Active,2023-03-29,5.0,6.0,4700.0,SA36,0.25,2,0,0,0.0,0,False,2315.63,0,0,other,False,1
23-024,ANDRITZI,1A DOME REPLACEMENT,Complete,2023-03-23,109.0,178.0,60500.0,2205,0.5,4,2,4,12.0,0,True,37843.28,0,0,other,False,1
23-023,SYMRISE,R-507 REACTOR,Complete,2023-03-22,1398.0,2006.5,709250.0,316L,0.625,12,16,26,24.0,2,True,338375.67999999993,0,0,reactor,False,1
23-022,SAVATANK,SAVANNAH TANK DEMO,Active,2023-03-16,17.0,5.0,1.0,CS,0.0,0,6,4,6.0,0,False,350.0,0,0,tank,False,1
23-020,SYMSENGI,NMP STORAGE TANK (TK-F102),Complete,2023-03-14,569.0,690.75,199500.0,304L,0.5,8,10,14,24.0,0,True,65312.119999999995,0,0,storage_tank,False,1
23-021,SYMSENGI,NMP WASTE TANK (TK-F103),Complete,2023-03-14,458.0,462.5,122000.0,304L,0.5,8,12,14,24.0,0,True,53286.62,0,0,tank,False,1
23-019,ZACHGROU,"10,000 GAL HORIZONTAL TANK",Complete,2023-03-07,399.0,544.75,121150.0,SA516,0.5,8,12,13,30.0,2,False,64126.14,0,10000,tank,False,1
23-017,COLOCHEM,INSULATION & SHEATHING,Complete,2023-03-02,0.0,0.0,0.0,UNKNOWN,0.0,0,0,0,0.0,0,False,39360.0,0,0,other,False,1
23-016,COLOCHEM,M9 MIXING TANK REPLACEMENT,Complete,2023-02-28,675.0,1083.75,343500.0,2205,0.5,6,17,24,12.0,2,False,150560.21000000002,0,0,tank,False,1
23-018,COLOCHEM,PNTSA CRYSTALIZER,Complete,2023-02-28,427.0,671.5,158700.0,316L,0.5,9,16,26,20.0,2,True,83743.35,0,0,crystallizer,False,1
23-015,KRATCHEM,T-910 TANK,Complete,2023-02-21,556.0,653.75,197650.0,316L,0.375,14,22,19,18.0,0,True,87282.44,0,0,tank,False,1
23-014,REICHHOLD,PHTALIC TANK,Complete,2023-02-21,740.0,1122.25,234320.0,304L,0.375,14,22,16,8.0,2,True,89187.94000000002,0,0,tank,False,1
23-008,TURNCONS,V-1121 (S-40 DAY TANK),Active,2023-02-16,0.0,0.0,50250.0,304L,0.5,10,10,12,24.0,0,False,24544.289999999997,0,0,tank,False,1
23-009,TURNCONS,V-1141 (S-40 DAY TANK),Active,2023-02-16,0.0,0.0,50250.0,304L,0.5,10,10,12,24.0,0,False,24544.289999999997,0,0,tank,False,1
23-010,TURNCONS,V-1131 (MTES DAY TANK),Active,2023-02-16,0.0,0.0,50250.0,304L,0.5,10,10,12,24.0,0,False,24544.289999999997,0,0,tank,False,1
23-011,TURNCONS,V-1151 (MTES DAY TANK),Active,2023-02-16,0.0,0.0,50250.0,304L,0.5,10,10,12,24.0,0,False,24544.289999999997,0,0,tank,False,1
23-012,TURNCONS,V-1161 (DMDES DAY TANK),Active,2023-02-16,0.0,0.0,46200.0,304L,0.1875,2,10,12,24.0,0,False,25826.08,0,0,tank,False,1
23-013,TURNCONS,AGING ETHANOL TANK V-3491,Active,2023-02-16,0.0,0.0,190200.0,304L,0.75,9,12,16,18.0,2,False,152840.03,0,0,tank,False,1
23-007,ZACHGROU,"7,000 GAL HORIZONTAL TANK",Complete,2023-02-13,396.0,465.25,101750.0,SA516,0.5,4,10,9,30.0,2,False,50766.58,0,7000,tank,False,1
23-004,SYMSENGI,NMP STORAGE TANK (TK-F702),Complete,2023-02-01,569.0,740.75,174500.0,304L,0.75,14,10,14,24.0,0,True,77778.64000000001,0,0,storage_tank,False,1
23-006,SYMSENGI,NMP STORAGE TANK (TK-F802),Complete,2023-02-01,569.0,651.5,174500.0,304L,0.75,14,10,14,24.0,0,True,72639.39,0,0,storage_tank,False,1
23-005,SYMSENGI,NMP STORAGE TANK (TK-F602),Complete,2023-02-01,569.0,700.5,174500.0,304L,0.75,14,10,14,24.0,0,True,74207.65000000001,0,0,storage_tank,False,1
23-002,CANNONUSA,"12,000 GAL CST STORAGE TK #1",Complete,2023-01-24,290.0,331.5,75250.0,SA516,0.25,8,12,12,12.0,5,False,60101.49,0,12000,other,False,1
23-003,CANNONUSA,"12,000 GAL CST STORAGE TAK",Complete,2023-01-24,290.0,352.75,75250.0,SA516,0.25,8,12,12,12.0,5,False,42117.35,0,12000,other,False,1
23-001,ANDRITZI,(16) PERFORATED SCREENS,Complete,2023-01-16,9.0,3.0,10900.0,304,0.0,0,0,0,0.0,0,False,6914.210000000001,0,0,other,False,1
