Change_History,231972,22,1,0,0,"Change_History (varchar), Change_Owner (varchar), Requested_By (smallint), Change_Type (smallint), External_Notif (bit), Internal_Notif (bit), ShipDate_Changed (bit), ProdDate_Changed (bit), Reason (varchar), Notes (text), Changed_By (varchar), Change_Date (datetime), Old_Date (datetime), New_Date (datetime), Old_Number (float), New_Number (float), Last_Updated (datetime), Old_Text (varchar), New_Text (varchar), WC_Vendor (varchar), Operation_Service (varchar), Job (varchar)"
Material_Trans,218168,39,1,0,0,"Material_TransKey (int), Material_Trans (int), Vendor (varchar), Customer (varchar), Job (varchar), Sales_Code (varchar), Material (varchar), PO_Number (varchar), PO_Line (varchar), Document (varchar), SO_Detail (int), Source (int), Material_Req (int), Job_Operation (int), Location_ID (varchar), Service (varchar), Lot (varchar), Tran_Type (varchar), Material_Trans_Date (datetime), Unit_Cost (float), Addl_Cost (float), Purch_Unit_Weight (float), Stock_UofM (varchar), Cost_UofM (varchar), Reason (varchar), Description (varchar), Quantity (float), Selling_Price (float), Last_Updated (datetime), GL_Account (varchar), Holder_ID (varchar), Tax_Assigned (float), No_Quote (bit), Lead_Days (int), Vendor_Trans (int), Trade_Currency (int), Note_Text (text), ObjectID (uniqueidentifier), Processed (bit)"
Job_Operation_Time,149541,38,2,1,0,"Job_Operation (int), Employee (varchar), Work_Date (datetime), Act_Setup_Hrs (float), Act_Run_Hrs (float), Act_Run_Qty (int), Act_Scrap_Qty (int), Overtime_Hrs (float), Setup_Overtime_Hrs (float), Overtime_Factor (float), Operation_Complete (bit), Attended_Pct (float), Rework_Time (bit), Setup_Pct_Complete (float), Run_Pct_Complete (float), Setup_Labor_Rate (float), Run_Labor_Rate (float), Labor_Burden (float), Setup_Labor_Burden (float), Machine_Burden (money), GA_Burden (money), Note_Text (text), Last_Updated (datetime), Entry_Type (smallint), Job_Operation_Time (varchar), Scrap_Code (varchar), Rwk_Code (varchar), WC (varchar), Op_Group (varchar), Act_Setup_Qty (int), Act_Run_Labor_Hrs (float), Act_Setup_Labor_Hrs (float), Status (smallint), Overtime_Hrs_7x (float), User_Values (int), ObjectID (uniqueidentifier), Job_Operation_OID (uniqueidentifier), Employee_OID (uniqueidentifier)"
Journal_Entry,146937,30,1,0,0,"Journal_EntryKey (int), Journal_Entry (int), GL_Account (varchar), Reference (varchar), Source (varchar), Transaction_Date (datetime), Period (varchar), Type (varchar), Amount (money), Posted (bit), Creation_Date (datetime), Last_Updated (datetime), Originating_Transaction (varchar), Statement_Date (datetime), Line_Description (varchar), Quantity (float), Unit (varchar), Order_Number (varchar), Partner_Type (int), Cust_Trans_Type (int), Partner (varchar), Employee (varchar), Item_ID (varchar), Item_Description (varchar), Location (varchar), Cust_Trans (varchar), Currency_Def (int), Holder_Type (varchar), MFG_Holder_Type (varchar), MFG_Holder_ID (varchar)"
Job_Operation,64559,108,4,3,2,"Job_OperationKey (int), Job_Operation (int), Vendor (varchar), Work_Center (varchar), Job (varchar), Operation_Service (varchar), WC_Vendor (varchar), Inside_Oper (bit), Sequence (smallint), Description (varchar), Priority (float), Run_Method (varchar), Run (float), Est_Run_Per_Part (float), Efficiency_Pct (float), Attended_Pct (float), Queue_Hrs (float), Est_Total_Hrs (float), Est_Setup_Hrs (float), Est_Run_Hrs (float), Est_Setup_Labor (money), Est_Run_Labor (money), Est_Labor_Burden (money), Est_Machine_Burden (money), Est_GA_Burden (money), Est_Required_Qty (int), Est_Unit_Cost (float), Est_Addl_Cost (money), Est_Total_Cost (money), Deferred_Qty (float), Act_Setup_Hrs (float), Act_Run_Hrs (float), Act_Run_Qty (int), Act_Scrap_Qty (int), Act_Setup_Labor (money), Act_Run_Labor (money), Act_Labor_Burden (money), Act_Machine_Burden (money), Act_GA_Burden (money), Act_Unit_Cost (float), Act_Addl_Cost (money), Addl_Cost_Desc (varchar), Act_Total_Cost (money), Setup_Pct_Complete (float), Run_Pct_Complete (float), Rem_Run_Hrs (float), Rem_Setup_Hrs (float), Rem_Total_Hrs (float), Overlap_Method (varchar), Overlap (float), Overlap_Qty (float), Est_Ovl_Hrs (float), Lead_Days (smallint), Sched_Ovl_Start_OLD (datetime), Sched_Ovl_Start_Hr_OLD (float), Sched_Start (datetime), Sched_Start_Hr_OLD (float), Sched_End (datetime), Sched_End_Hr_OLD (float), Schedule_Exception_OLD (bit), Due_Date (datetime), Status (varchar), Minimum_Chg_Amt (money), Cost_Unit (varchar), Cost_Unit_Conv (float), Currency_Conv_Rate (float), Trade_Currency (int), Fixed_Rate (bit), Trade_Date (datetime), Rwk_Quantity (int), Rwk_Setup_Hrs (float), Rwk_Run_Hrs (float), Rwk_Setup_Labor (money), Rwk_Run_Labor (money), Rwk_Labor_Burden (money), Rwk_Machine_Burden (money), Rwk_GA_Burden (money), Rwk_Scrap_Qty (float), Note_Text (text), Last_Updated (datetime), Holder_ID (varchar), Op_Group (varchar), Act_Run_Labor_Hrs (float), Setup_Qty (int), Run_Qty (int), Rwk_Run_Labor_Hrs (float), Rwk_Setup_Qty (int), Rwk_Run_Qty (int), Act_Setup_Labor_Hrs (float), Rwk_Setup_Labor_Hrs (float), Floor_Notes (text), ObjectID (uniqueidentifier), Job_OID (uniqueidentifier), Sched_Resources (float), Lag_Hours (float), WorkCenter_OID (uniqueidentifier), Manual_Start_Lock (bit), Manual_Stop_Lock (bit), Priority_Zero_Lock (bit), Firm_Zone_Lock (bit), SB_Orig_OID (uniqueidentifier), SB_Setup_Hrs (float), SB_Run_Hrs (float), SB_Run (float), SB_RunMethod (varchar), SB_Efficiency (float), Actual_Start (datetime), Last_Updated_By (varchar)"
Source,60749,31,1,0,0,"SourceKey (int), Source (int), PO_Detail (int), Job_Operation (int), Material_Req (int), Material (varchar), IsSO (bit), Description (varchar), Misc_Material (bit), Act_Qty (float), Act_Unit_Cost (float), Stocked_UofM (varchar), Inv_Qty (float), Last_Recv_Date (datetime), Last_Updated (datetime), Holder_ID (varchar), Total_Tax_Assigned (float), Source_Type (int), PO_Type (int), Quote_Operation_Qty (int), Quote_Req_Qty (int), Cost_Unit (varchar), Ordered_Qty (float), POOrdered_Qty (float), Order_Unit (varchar), Cost_Unit_Conv (float), Due_Date (datetime), ObjectID (uniqueidentifier), PO_Detail_OID (uniqueidentifier), Material_Req_OID (uniqueidentifier), Job_Operation_OID (uniqueidentifier)"
AP_Doc_Detail,51022,16,1,0,0,"AP_Doc_Detail (varchar), Amount (float), GL_Account (varchar), AP_Document (varchar), Description (varchar), PO_Detail (int), Qty_UofM (varchar), Quantity (float), Source (int), Source_Type (smallint), Price_UofM (varchar), Addl_Position (smallint), Unit_Price (float), Last_Updated (datetime), Discountable (bit), Tax_Code (varchar)"
PO_Detail,46509,38,1,0,0,"PO_DetailKey (int), PO_Detail (int), PO (varchar), Line (varchar), Status (varchar), Order_Quantity (float), Purchase_Unit (varchar), Unit_Cost (float), Certs_Required (bit), Due_Date (datetime), Vendor_Reference (varchar), Cost_Unit (varchar), Purchase_Unit_Weight (float), Addl_Cost_Desc1 (varchar), Addl_Cost_Desc2 (varchar), Addl_Cost_Est_Amt1 (money), Addl_Cost_Est_Amt2 (money), Addl_Cost_Act_Amt1 (money), Addl_Cost_Act_Amt2 (money), Act_Cost (money), Est_Ext_Amount (money), Note_Text (text), Ext_Description (text), Last_Updated (datetime), GL_Account (varchar), Line_Revision (varchar), Holder_ID (varchar), Tax_Code (varchar), Addl_Cost_Taxable1 (bit), Addl_Cost_Taxable2 (bit), PO_Line5x (int), Awarded_Vendor (varchar), Lowest_Quote (int), Plan_Modified (bit), Price_Locked (bit), PO_Type (int), ObjectID (uniqueidentifier), PO_Header_OID (uniqueidentifier)"
Material_Req,39650,57,3,2,0,"Material_ReqKey (int), Material_Req (int), Job_Operation (int), Job (varchar), Material (varchar), Vendor (varchar), Description (varchar), Pick_Buy_Indicator (varchar), Type (varchar), Status (varchar), Quantity_Per_Basis (varchar), Quantity_Per (float), UofM (varchar), Deferred_Qty (float), Est_Qty (float), Est_Unit_Cost (float), Est_Addl_Cost (money), Est_Total_Cost (money), Addl_Cost_Desc (varchar), Act_Qty (float), Act_Unit_Cost (float), Act_Addl_Cost (money), Act_Total_Cost (money), Part_Length (float), Part_Width (float), Bar_End (float), Cutoff (float), Facing (float), Bar_Length (float), Lead_Days (smallint), Currency_Conv_Rate (float), Trade_Currency (int), Fixed_Rate (bit), Trade_Date (datetime), Certs_Required (bit), Manual_Link (bit), Due_Date (datetime), Sched_Start_Date (datetime), Sched_End_Date (datetime), Vendor_Reference (varchar), Note_Text (text), Last_Updated (datetime), Holder_ID (varchar), Cost_UofM (varchar), Cost_Unit_Conv (float), Quantity_Multiplier (float), Drawing_ID (varchar), Res_Type (smallint), Res_ID (varchar), Res_Qty (float), Partial_Res (bit), ObjectID (uniqueidentifier), Job_Operation_OID (uniqueidentifier), Job_OID (uniqueidentifier), Affects_Schedule (bit), Material_OID (uniqueidentifier), Rounded (bit)"
Receipt_Distribution,30350,6,1,0,0,"Receipt_Distribution (varchar), Receipt (varchar), AR_Code (varchar), GL_Account (varchar), Amount (float), Last_Updated (datetime)"
AP_Doc_Check,22518,7,3,2,0,"AP_Document (varchar), Amount_Applied (money), Last_Updated (datetime), AP_Doc_Check (varchar), Application_Type (smallint), Discount_Amt (float), AP_Check (varchar)"
AP_Document,22186,30,3,2,1,"AP_Document (varchar), Terms (varchar), Vendor (varchar), Document (varchar), Document_Date (datetime), Period (varchar), Original_Amt (money), Open_Amt (money), Open_Amt_Curr_Per (money), Due_Date (datetime), Type (varchar), Status (varchar), Entry_Date (datetime), Startup (bit), Discount_Amt (money), Discount_Date (datetime), Currency_Conv_Rate (float), Trade_Currency (int), Fixed_Rate (bit), Trade_Date (datetime), Note_Text (text), Last_Updated (datetime), Remit_To (int), Invoiced_By (varchar), User_Values (int), Transaction_Date (datetime), Paid_Date (datetime), Tax_Code (varchar), Taxable_Amt (money), JECount (int)"
JournalEntryAudit,19665,15,1,0,0,"Audit_ID (varchar), Journal_EntryKey (int), AP_Document (varchar), Reference (varchar), VendorID (varchar), GL_Account (varchar), Period (varchar), Amount (money), Posted (bit), Last_UpdatedJE (datetime), PostedHdr (varchar), Last_updatedHdr (datetime), Last_updated (datetime), User_Name (varchar), Machine_Name (varchar)"
AP_Check,14263,27,2,1,1,"Check_Number (int), Vendor (varchar), Bank (varchar), Check_Date (datetime), Check_Amt (money), Discount_Amt (money), Status (varchar), Type (varchar), Statement_Date (datetime), Last_Updated (datetime), Base_Discount_Amt (float), Note_Text (text), AP_Check (varchar), Posted (bit), Remit_To (int), Period (varchar), Void_Entry (varchar), Void_Date (datetime), Description (varchar), Reference (varchar), Trade_Currency (int), GL_Account (varchar), Currency_Conv_Rate (float), Trade_Date (datetime), Fixed_Rate (bit), Adjust_Type (smallint), Base_Amount (float)"
Cost,12476,8,2,1,0,"CostKey (int), Cost (int), Account (varchar), Period (varchar), Budget_Amt (money), MTD_Amt (money), Last_Updated (datetime), Per_Ending_Amt_5x (money)"
PO_Header,12049,30,4,2,0,"PO (varchar), Vendor (varchar), Ship_To (int), Ship_Via (varchar), Terms (varchar), Contact (int), Drop_Ship_Ship_To (int), Drop_Ship_Contact (int), Drop_Ship (varchar), Drop_Ship_Customer (varchar), Order_Date (datetime), Due_Date (datetime), Print_Date (datetime), FOB (varchar), Status (varchar), Issued_By (varchar), Currency_Conv_Rate (float), Trade_Currency (int), Fixed_Rate (bit), Trade_Date (datetime), Comment (text), Note_Text (text), Last_Updated (datetime), Tax_Code (varchar), PO_Type (int), Track_Changes (bit), Print_Details (bit), User_Values (int), ObjectID (uniqueidentifier), Revision (varchar)"
Material,7508,53,5,4,2,"Material (varchar), Primary_Vendor (varchar), User_Values (int), Shape (varchar), Location_ID (varchar), Sales_Code (varchar), Description (varchar), Type (varchar), Status (varchar), Pick_Buy_Indicator (varchar), Class (varchar), Rev (varchar), Stocked_UofM (varchar), Purchase_UofM (varchar), Cost_UofM (varchar), Price_UofM (varchar), Selling_Price (float), Standard_Cost (float), Average_Cost (float), Last_Cost (float), On_Order_Qty (float), Order_Point (float), Reorder_Qty (float), Lead_Days (smallint), UofM_Conv_Factor (float), Lot_Trace (bit), Rd_Whole_Unit (bit), Ext_Description (text), Make_Buy (varchar), Vendor_Reference (varchar), Drawing (varchar), Use_Price_Breaks (bit), Note_Text (text), Last_Updated (datetime), GL_Account (varchar), Price_Unit_Conv (float), Holder_ID (varchar), Job (varchar), Tax_Code (varchar), Taxable (bit), IS_Length (float), IS_Width (float), IS_Weight_Factor (float), IS_Thickness (float), Stock_Item (varchar), Affects_Schedule (bit), ObjectID (uniqueidentifier), Shape_OID (uniqueidentifier), Tooling (bit), IsSerialized (bit), MaxUsage (int), ShelfLife (float), ShelfLifeUofM (varchar)"
Additional_Charge,6079,23,2,1,0,"Additional_ChargeKey (int), Additional_Charge (int), Job (varchar), Sales_Code (varchar), Invoice (varchar), SO_Detail (int), Description (varchar), Est_Price (money), Act_Price (money), Job_Revenue (bit), Commssionable (bit), Processed (bit), Taxable (bit), Note_Text (text), Last_Updated (datetime), Tax_Code (varchar), Charge_Type (smallint), Due_Date (datetime), Approved (bit), Recurring (bit), Delivery (int), QB_ID (varchar), CommissionIncluded (bit)"
RFQ_Vendor,6063,8,1,0,0,"RFQ_Vendor (varchar), Vendor (varchar), PO_Header (varchar), Date_Added (datetime), Trade_Currency (int), Send_To_Address (int), Last_Updated (datetime), Contact (int)"
Invoice_Detail,5494,44,2,1,0,"Invoice_DetailKey (int), Invoice_Detail (int), Document (varchar), Document_Line (smallint), Packlist (varchar), Job (varchar), SO_Detail (int), Material_Trans (int), AR_Code (varchar), Description (varchar), Ship_Date (datetime), Quantity (int), Unit_Price (float), Price_UofM (varchar), Amount (money), Sales_Rep (varchar), Commission_Pct (float), Taxable (bit), Commissionable (bit), Discountable (bit), Backorder_Qty (float), Order_Qty (float), Job_Revenue (bit), Prepay (bit), Prepaid_Amt (money), Prepaid_Code (varchar), Reference (varchar), Note_Text (text), Last_Updated (datetime), Part_Number (varchar), Ext_Description (text), Part_Description (varchar), Revision (varchar), Customer_PO (varchar), POLine (varchar), Source_Type (smallint), Additional_Charge (int), Price_Coefficient (float), Order_Unit (varchar), Price_Unit_Conv (float), Tax_Code (varchar), Prog_Payment (bit), Prepaid_Tax_Amount (money), CommissionIncluded (bit)"
Attachment,4768,9,1,0,1,"AttachmentKey (int), Attachment (int), Owner_Type (varchar), Owner_ID (varchar), Attach_Path (varchar), Description (varchar), Print_Attachment (bit), Last_Updated (datetime), Attach_Type (varchar)"
GL_Entry,3094,11,1,0,0,"GL_Entry (varchar), Reference (varchar), Description (varchar), Entry_Type (smallint), Transaction_Date (datetime), Posted (bit), Period (varchar), Last_Updated (datetime), Type (varchar), Bank (varchar), Statement_Date (datetime)"
Address,2524,22,3,2,7,"AddressKey (int), Address (int), Customer (varchar), Vendor (varchar), Status (varchar), Type (varchar), Ship_Via (varchar), Ship_To_ID (varchar), Line1 (varchar), Line2 (varchar), City (varchar), State (varchar), Zip (varchar), Name (varchar), Country (varchar), Phone (varchar), Fax (varchar), Lead_Days (smallint), Last_Updated (datetime), Billable (bit), Shippable (bit), Cell_Phone (varchar)"
Invoice_Header,2100,35,3,2,2,"Document (varchar), Customer (varchar), Ship_To (int), Contact (int), Ship_Via (varchar), Terms (varchar), Tax_Code (varchar), Document_Date (datetime), AR_Description (varchar), Due_Date (datetime), Orig_Invoice_Amt (money), Open_Invoice_Amt (money), Open_Invoice_Amt_Curr_Per (money), Source (varchar), Type (varchar), Status (varchar), Period (varchar), Taxable_Amt (money), Sales_Tax_Rate1 (float), Sales_Tax_Rate2 (float), Sales_Tax_Rate3 (float), Sales_Tax_Rate4 (float), Currency_Conv_Rate (float), Trade_Currency (int), Fixed_Rate (bit), Trade_Date (datetime), Print_Date (datetime), EDI (bit), Comment (text), Last_Updated (datetime), Bill_To (int), User_Values (int), Invoiced_By (varchar), Journal_Entry (varchar), Paid_Date (datetime)"
Invoice_Receipt,2095,6,3,2,0,"Invoice (varchar), Receipt (varchar), Amount_Applied (money), Last_Updated (datetime), Invoice_Receipt (varchar), Application_Type (smallint)"
Receipt,1946,19,2,1,1,"Receipt (varchar), Customer (varchar), Bank (varchar), AR_Code (varchar), Reference (varchar), Reverse_Entry (bit), Type (varchar), Amount (money), Deposit_Date (datetime), Receipt_Date (datetime), Payer (varchar), Last_Updated (datetime), Period (varchar), GL_Account (varchar), Deposit (varchar), Customer_Receipt (varchar), Note_Text (text), Net1TransationID (varchar), Contact (int)"
Job,1770,96,5,4,6,"Job (varchar), Sales_Rep (varchar), Customer (varchar), Ship_To (int), User_Values (int), Quote (varchar), Contact (int), Ship_Via (varchar), Terms (varchar), Tax_Code (varchar), Sales_Code (varchar), Top_Lvl_Job (varchar), Type (varchar), Order_Date (datetime), Status (varchar), Status_Date (datetime), Part_Number (varchar), Rev (varchar), Description (varchar), Ext_Description (text), Drawing (varchar), Build_To_Stock (bit), Order_Quantity (int), Extra_Quantity (int), Pick_Quantity (int), Make_Quantity (int), Split_Quantity (int), Completed_Quantity (int), Shipped_Quantity (int), FG_Transfer_Qty (int), Returned_Quantity (int), In_Production_Quantity (int), Assembly_Level (smallint), Certs_Required (bit), Time_And_Materials (bit), Open_Operations (smallint), Scrap_Pct (float), Est_Scrap_Qty (int), Est_Rem_Hrs (float), Est_Total_Hrs (float), Est_Labor (money), Est_Material (money), Est_Service (money), Est_Labor_Burden (money), Est_Machine_Burden (money), Est_GA_Burden (money), Act_Revenue (money), Act_Scrap_Quantity (int), Act_Total_Hrs (float), Act_Labor (money), Act_Material (money), Act_Service (money), Act_Labor_Burden (money), Act_Machine_Burden (money), Act_GA_Burden (money), Priority (smallint), Unit_Price (float), Total_Price (money), Price_UofM (varchar), Currency_Conv_Rate (float), Trade_Currency (int), Fixed_Rate (bit), Trade_Date (datetime), Commission_Pct (float), Customer_PO (varchar), Customer_PO_LN (varchar), Sched_End (datetime), Sched_Start (datetime), Quantity_Per (float), Profit_Pct (float), Labor_Markup_Pct (float), Mat_Markup_Pct (float), Serv_Markup_Pct (float), Labor_Burden_Markup_Pct (float), Machine_Burden_Markup_Pct (float), GA_Burden_Markup_Pct (float), Lead_Days (smallint), Profit_Markup (varchar), Prepaid_Amt (money), Split_To_Job (bit), Note_Text (text), Comment (text), Last_Updated (datetime), Order_Unit (varchar), Price_Unit_Conv (float), Holder_ID (varchar), Source (varchar), Order_Taken_By (varchar), Plan_Modified (bit), ObjectID (uniqueidentifier), Released_Date (datetime), Prepaid_Tax_Amount (money), Prepaid_Trade_Amt (money), Last_Updated_By (varchar), CommissionIncluded (bit), Revision (varchar)"
Packlist_Detail,1570,36,2,1,0,"Packlist_DetailKey (int), Packlist_Detail (int), Packlist (varchar), Job (varchar), Job_Operation (int), Material_Trans (int), SO_Detail (int), Invoice_Line (varchar), PO_Number (varchar), Due_Date (datetime), Original_Packlist (int), Reopen_Delivery (bit), Tracking_Nbr (varchar), Unit_Price (float), Price_UofM (varchar), Quantity (int), Promised_Qty (float), Backorder_Qty (float), Instructions (text), Note_Text (text), Last_Updated (datetime), Order_Unit (varchar), Price_Unit_Conv (float), Freight_Amt (float), BOL_Comments (text), Cartons (int), Hazardous_Material (bit), NMFC_Code (varchar), Pallets (int), Weight (float), Freight_Class (varchar), ObjectID (uniqueidentifier), Job_Operation_OID (uniqueidentifier), PO_Header_OID (uniqueidentifier), Packlist_OID (uniqueidentifier), Lot (varchar)"
Deposit,1447,12,1,0,0,"Deposit (varchar), Bank (varchar), Status (varchar), Deposit_Date (datetime), Statement_Date (datetime), Trade_Currency (int), Currency_Conv_Rate (float), Trade_Date (datetime), Fixed_Rate (bit), Base_Amount (float), Trade_Amount (float), Last_Updated (datetime)"
Delivery,1344,26,2,1,0,"DeliveryKey (int), Delivery (int), Packlist (varchar), Job (varchar), Invoice (varchar), CrMemo (varchar), Invoice_Line (varchar), CrMemo_Line (varchar), SO_Detail (int), Requested_Date (datetime), Promised_Date (datetime), Shipped_Date (datetime), Invoice_Date (datetime), Returned_Date (datetime), CrMemo_Date (datetime), Promised_Quantity (int), Shipped_Quantity (int), Remaining_Quantity (int), Returned_Quantity (int), NCP_Quantity (int), Return_Document (varchar), Comment (text), Last_Updated (datetime), ObjectID (uniqueidentifier), Job_OID (uniqueidentifier), Last_Updated_By (varchar)"
Packlist_Header,1106,18,2,1,1,"Packlist (varchar), Customer_Vendor (varchar), Invoice (varchar), Ship_To (int), Ship_Via (varchar), Contact (int), Packlist_Date (datetime), Type (varchar), Invoiced (bit), Comment (text), Last_Updated (datetime), Freight_Amt (float), BOL_Number (varchar), Carrier_Bill_To (int), BOL_Terms (smallint), Third_Party_Acct (varchar), ObjectID (uniqueidentifier), QB_Ready (bit)"
AddressState,1093,5,1,0,0,"ObjectID (uniqueidentifier), CountryCode (varchar), StateCode (varchar), StateName (varchar), Last_Updated (datetime)"
IdentityLog,1076,3,0,0,0,"Spid (int), TableName (varchar), KeyValue (int)"
Material_Location,966,9,3,2,0,"Material_LocationKey (int), Material_Location (int), Location_ID (varchar), Material (varchar), Lot (varchar), On_Hand_Qty (float), Unit_Cost (float), Last_Updated (datetime), ObjectID (uniqueidentifier)"
Vendor_Material,966,10,1,0,0,"Vendor_Material (varchar), Vendor (varchar), Material_Owner (varchar), Vendor_Reference (varchar), Sell_Price (float), Trade_Currency (int), Lead_Days (int), Price_Unit (varchar), Owner_Type (int), Last_Updated (datetime)"
Tax_Detail,854,9,1,0,0,"Tax_Detail (varchar), Owner_ID (varchar), Owner_Type (int), Taxer (varchar), Rate (float), Tax_Amt (float), Last_Updated (datetime), Post_GL (bit), GL_Account (varchar)"
Vendor,778,22,2,1,10,"Vendor (varchar), User_Values (int), Ship_Via (varchar), Tax_ID (varchar), Tax_Code (varchar), GL_Account (varchar), Terms (varchar), Name (varchar), Email_Address (varchar), URL (varchar), Status (varchar), Vendor_Since (datetime), Our_Account_ID (varchar), Lead_Days (smallint), Send_1099 (bit), Currency_Def (int), Note_Text (text), Last_Updated (datetime), Acct_Mgr (varchar), Rating (int), QB_ID (varchar), Send_Report_By_Email (bit)"
User_Values,515,16,1,0,8,"User_ValuesKey (int), User_Values (int), Date1 (datetime), Date2 (datetime), Text1 (varchar), Text2 (varchar), Text3 (varchar), Text4 (varchar), Text5 (varchar), Amount1 (money), Amount2 (money), Numeric1 (float), Numeric2 (float), Decimal1 (float), Note_Text (text), Last_Updated (datetime)"
CA_ProjectedCashFlow,463,50,1,0,0,"CA_PCF_ID (int), UserID (varchar), InflowBeginningBalance (float), InflowAdjustment (float), InflowEffectiveBalance (float), InflowEndingBalance (float), OutflowBeginningBalance (float), OutflowEffectiveBalance (float), OutflowEndingBalance (float), OutflowAdjustment (float), BankBeginningBalance (float), BankAdjustment (float), BankEffectiveBalance (float), BankEndingBalance (float), EndingBalance (float), ToDate (datetime), PeriodType (int), InTermsType (int), InAdjustType (int), InTermsMoments (int), InPostPonetype (int), InPostPoneMoments (int), InDiscountType (int), OutTermsType (int), OutAdjustType (int), OutTermsMoments (int), OutPostPonetype (int), OutPostPoneMoments (int), OutDiscountType (int), StartDate (datetime), EndDate (datetime), Title (varchar), Inflow (float), Outflow (float), NetInflow (float), ProjectedBalance (float), CashFlowDate (datetime), CashflowAmount (float), Coefficient (int), ID (varchar), Source (varchar), EffectiveTermsDays (int), ProjectionInclusion (bit), InvoiceDate (datetime), DiscountDate (datetime), DiscountDays (int), DiscountPercent (float), BusinessPartner (varchar), Category1 (varchar), Category2 (varchar)"
Customer,388,29,2,1,4,"Customer (varchar), Sales_Rep (varchar), User_Values (int), Terms (varchar), Type (varchar), Ship_Via (varchar), Sales_Code (varchar), Tax_Code (varchar), Name (varchar), Email_Address (varchar), URL (varchar), Status (varchar), Ship_Lead_Days (smallint), Print_Statement (bit), Credit_Limit (money), Curr_Balance (money), Customer_Since (datetime), Accept_BO (bit), Pricing_Level (varchar), Partner (varchar), Currency_Def (int), Note_Text (text), Last_Updated (datetime), Tax_ID (varchar), Acct_Mgr (varchar), Rating (int), QB_ID (varchar), Send_Report_By_Email (bit), PST_ID (varchar)"
Contact,383,16,2,1,0,"ContactKey (int), Contact (int), Customer (varchar), Vendor (varchar), Address (int), Contact_Name (varchar), Title (varchar), Phone (varchar), Phone_Ext (varchar), Fax (varchar), Email_Address (varchar), Last_Updated (datetime), Cell_Phone (varchar), NET1_Contact_ID (varchar), Status (bit), Default_Invoice_Contact (bit)"
Bank_History,285,18,1,0,0,"Bank_History (varchar), Bank (varchar), Statement_Date (datetime), Beginning_Balance (float), Ending_Balance (float), Bank_Statement_OtherChecks (float), Account_OtherChecks (float), Account_Ending_Bal (float), Filter_Date (bit), Bank_Statement_JE_Additions (float), Bank_Statement_JE_Subtractions (float), Outstanding_Deposits (float), Outstanding_JE (float), Outstanding_Checks (float), Cleared_Deposits (float), Cleared_JE (float), Cleared_Checks (float), Last_Updated (datetime)"
Employee,279,26,4,3,1,"Employee (varchar), Work_Center (varchar), Address (int), User_Values (int), First_Name (varchar), Middle_Initial (varchar), Last_Name (varchar), SSN (varchar), Type (varchar), Status (varchar), Class (varchar), Hourly_Rate (money), Commission_Pct (float), Shift_Start (datetime), Shift_End (datetime), Hire_Date (datetime), Note_Text (text), Last_Updated (datetime), Shift (uniqueidentifier), Department (varchar), Supervisor (varchar), Default_Tran_Limit (smallint), Begin_Tran_Prompt (varchar), Repeat_Tran_Prompt (varchar), Tran_Repeater (bit), ObjectID (uniqueidentifier)"
Transaction_Value,258,16,1,0,0,"Transaction_Value (varchar), Data_Type (int), Default_Value (varchar), Display_Text (varchar), Hidden (bit), Max_Value (int), Min_Value (int), Sequence (int), String_Length (int), System_Required (bit), User_Required (bit), Last_Updated (datetime), Transaction_Definition (int), DB_Validation (bit), Confirmation_Prompt (bit), Transaction_Field (varchar)"
AddressCountry,250,4,1,0,0,"ObjectID (uniqueidentifier), CountryCode (varchar), CountryName (varchar), Last_Updated (datetime)"
usr_ACH_Matrix,243,15,1,0,0,"ID (int), ACH_Document (varchar), Block_Name (varchar), Element_Name (varchar), Sequence (int), Data_Type (varchar), Default_Value (varchar), Start (int), Stop (int), Format (varchar), Translation (varchar), Expression (varchar), Status (varchar), Justification (varchar), Empty_Character (varchar)"
User_Code,241,13,2,0,0,"Type (varchar), Code (varchar), Date1 (datetime), Numeric1 (float), Numeric2 (float), Numeric3 (float), Numeric4 (float), Text1 (varchar), Text2 (varchar), Text3 (text), Last_Updated (datetime), Text4 (varchar), ObjectID (uniqueidentifier)"
Operation,208,16,3,2,0,"Operation (varchar), Work_Center (varchar), User_Values (int), Description (varchar), Est_Setup_Hrs (float), Run (float), Run_Method (varchar), Attended_Pct (float), Overlap_Method (varchar), Overlap (float), Efficiency_Pct (float), Note_Text (text), Last_Updated (datetime), ObjectID (uniqueidentifier), WorkCenter_OID (uniqueidentifier), Sched_Resources (float)"
Bill_Of_Jobs,198,13,5,3,0,"Parent_Job (varchar), Component_Job (varchar), Job_Operation (int), Relationship_Type (varchar), Relationship_Qty (int), Manual_Link (bit), Last_Updated (datetime), Root_Job (varchar), ObjectID (uniqueidentifier), Job_Operation_OID (uniqueidentifier), Root_Job_OID (uniqueidentifier), Parent_Job_OID (uniqueidentifier), Component_Job_OID (uniqueidentifier)"
Account,177,7,1,0,1,"Account (varchar), Type (varchar), Description (varchar), Rollup_Account (varchar), Last_Updated (datetime), Section_Name (varchar), QB_ID (varchar)"
Fiscal_Period,168,7,1,0,0,"Fiscal_Period (varchar), Name (varchar), Per_Nbr (smallint), Fiscal_Year (varchar), Start_Date (datetime), End_Date (datetime), Last_Updated (datetime)"
TFM_Alloy,167,2,1,0,0,"TFM_Alloy (varchar), Alloy (varchar)"
Status_Change,131,5,1,0,0,"Status_ChangeKey (int), Status_Change (int), From_Status (int), To_Status (int), Last_Updated (datetime)"
Report,131,25,1,0,0,"ReportIDKey (int), ReportID (int), Module (varchar), Name (varchar), Filter (bit), Title (varchar), Title2 (varchar), Description (varchar), Description2 (varchar), DatabaseName (varchar), DatabaseCaption (varchar), DatabaseCaption2 (varchar), AccessDDEMacro (varchar), AccessDDEService (varchar), AccessDDETopic (varchar), Parms (varchar), UseJobBOSS (bit), Application (varchar), CommandLineArgs (varchar), UseDDE (bit), DDEMacro (varchar), DDEService (varchar), DDETopic (varchar), SecName (varchar), Last_Updated (datetime)"
WorkCenter_Load,128,10,1,0,0,"ObjectID (uniqueidentifier), Start_Date (datetime), End_Date (datetime), WorkCenter_OID (uniqueidentifier), Resource_ID (smallint), Created_Time (datetime), Last_Updated (datetime), Job_Operation_OID (uniqueidentifier), Fixed (bit), Load_Multiplier (float)"
WCEmployee,75,4,1,0,0,"ObjectID (uniqueidentifier), WorkCenter_OID (uniqueidentifier), Employee_OID (uniqueidentifier), Last_Updated (datetime)"
tblJB_PrimKeys,71,4,1,0,0,"tblJB_PrimKeys (int), Table_Name (varchar), Column_Name (varchar), Sequence (smallint)"
tblJB_Keys,68,3,1,0,0,"tblJB_Keys (int), K_Table (varchar), K_KeyValue (int)"
Shape_Dimension,37,8,1,0,0,"Shape_Dimension (varchar), Shape (varchar), Dimension (varchar), DB_Field_Name (varchar), Display_Name (varchar), Last_Updated (datetime), Unique_Dimension (bit), Sequence (int)"
Transaction_Definition,32,7,1,0,0,"ID (int), Prompt_Display (varchar), Deferred (bit), Name (varchar), Enabled (bit), Last_Updated (datetime), IsChildTrans (bit)"
Scenario_Detail,31,8,1,0,0,"Scenario_Detail (varchar), Scenario_Header (varchar), Description (varchar), Amount (float), Scenario_Date (datetime), Coefficient (smallint), Satisfied (bit), Last_Updated (datetime)"
Work_Center,31,47,1,0,4,"Work_Center (varchar), User_Values_OLD (int), Department (varchar), Type (varchar), Setup_Labor_Rate (money), Run_Labor_Rate (money), Labor_Burden (float), Machine_Burden (money), GA_Burden (money), Sched_Hrs_OLD (float), Queue_Hrs (float), Nbr_Limiting_Rsrc_OLD (smallint), Capacity_OLD (float), Link_Material (bit), Link_Component (bit), Note_Text (text), Last_Updated (datetime), Is_Parent (bit), Has_Parent (bit), Parent_ID (varchar), ObjectID (uniqueidentifier), Machines (int), Operators (int), Operators_Per_Machine (float), Parent_OID (uniqueidentifier), Link_FinishedGoods (bit), Link_Hardware (bit), Link_Supplies (bit), Link_Misc (bit), Link_RawStock (bit), Finite_Schedule (bit), Lag_Hrs (float), UVDate1 (datetime), UVDate2 (datetime), UVText1 (varchar), UVText2 (varchar), UVText3 (varchar), UVText4 (varchar), UVText5 (varchar), UVAmount1 (money), UVAmount2 (money), UVNumeric1 (float), UVNumeric2 (float), UVDecimal1 (float), UVNote_Text (text), Equipment (bit), Status (bit)"
Quote,29,31,2,1,6,"Quote (varchar), User_Values (int), Sales_Code (varchar), Reason (varchar), Top_Lvl_Quote (varchar), Quoted_By (varchar), Part_Number (varchar), Rev (varchar), Description (varchar), Ext_Description (text), Drawing (varchar), Reference (varchar), Commission_Pct (float), Type (varchar), Certs_Required (bit), Status (varchar), Status_Date (datetime), Priority (smallint), Assembly_Level (smallint), Quantity_Per (float), Lead_Days (smallint), Profit_Markup (varchar), Note_Text (text), Comment (text), Sched_End (datetime), Sched_Start (datetime), Last_Updated (datetime), RFQ (varchar), Line (varchar), Assembly_ID (varchar), Win_Probability (int)"
Quote_Qty,29,35,2,1,1,"Quote_QtyKey (int), Quote_Qty_Key (int), Quote (varchar), Parent_Quote_Qty_Key (int), Quote_Qty (int), Yield_Pct (float), Make_Quantity (int), Est_Setup_Hrs (float), Est_Run_Hrs (float), Est_Total_Hrs (float), Est_Labor (money), Est_Material (money), Est_Service (money), Est_Labor_Burden (money), Est_Machine_Burden (money), Est_GA_Burden (money), Unit_Price (float), Quoted_Unit_Price (decimal), Total_Price (money), Price_UofM (varchar), Profit_Pct (float), Labor_Markup_Pct (float), Mat_Markup_Pct (float), Serv_Markup_Pct (float), Labor_Burden_Markup_Pct (float), Machine_Burden_Markup_Pct (float), GA_Burden_Markup_Pct (float), Open_Operations (smallint), Note_Text (text), Last_Updated (datetime), Order_Unit (varchar), Price_Unit_Conv (float), Decimal_Places (int), Price_Source (int), Locked_Source (bit)"
Status_Definitions,29,5,1,0,0,"Status_DefinitionsKey (int), Status_Definitions (int), Status_Class (varchar), Display_Name (varchar), Last_Updated (datetime)"
Raw_Stock_Weight,28,5,1,0,0,"Type (varchar), Class (varchar), Lbs_Per_Cu_In (float), Last_Updated (datetime), TFM_Alloy (varchar)"
Lookup_Type,28,3,0,0,0,"Lookup_Type (int), Name (varchar), Param_Sequence (int)"
Version_Upgrade,27,7,1,0,0,"Version_Upgrade_ID (int), From_Version (varchar), To_Version (varchar), Upgrade_Script (varchar), Script_Result (varchar), Script_Errors (varchar), Last_Updated (datetime)"
Version,25,9,1,0,0,"VersionKey (int), Version (int), Version_Name (varchar), Version_Number (varchar), Version_Date (datetime), Conversion_DB (bit), Version_PVCS (varchar), Last_Updated (datetime), INI_Rev (varchar)"
WCShift_Standard,21,10,1,0,0,"ObjectID (uniqueidentifier), Shift_ID (uniqueidentifier), Machines (int), Operators (int), Operators_Per_Machine (float), Shift_Type (int), Date (datetime), Hours (float), WorkCenter_OID (uniqueidentifier), Last_Updated (datetime)"
Shapes,19,6,1,0,1,"Shape (varchar), Volume (varchar), Type (varchar), Last_Updated (datetime), Index (int), ObjectID (uniqueidentifier)"
Global_Pref,19,7,1,0,0,"ObjectID (uniqueidentifier), Created_Date (datetime), Pref_Type (varchar), Data_Type (varchar), Name (varchar), Value (varchar), Last_Updated (datetime)"
Holiday,19,6,1,0,0,"Holiday (varchar), HolidayName (varchar), Shift (uniqueidentifier), HolidayStart (datetime), HolidayEnd (datetime), Last_Updated (datetime)"
Synergy_Entry_Point,18,3,1,0,0,"ObjectID (uniqueidentifier), Display (varchar), JBType (int)"
User_Labels,17,15,1,0,0,"Table_Name (varchar), Date1_Label (varchar), Date2_Label (varchar), Text1_Label (varchar), Text2_Label (varchar), Text3_Label (varchar), Text4_Label (varchar), Text5_Label (varchar), Amount1_Label (varchar), Amount2_Label (varchar), Numeric1_Label (varchar), Numeric2_Label (varchar), Decimal1_Label (varchar), Last_Updated (datetime), ObjectID (uniqueidentifier)"
Fiscal_Year,14,6,1,0,0,"Fiscal_Year (varchar), Name (varchar), Nbr_Periods (smallint), Start_Date (datetime), End_Date (datetime), Last_Updated (datetime)"
Service,13,7,1,0,1,"Service (varchar), User_Values (int), Description (varchar), Minimum_Chg (money), Lead_Days (smallint), Note_Text (text), Last_Updated (datetime)"
Synergy_Workflow_Page,12,3,1,0,0,"ObjectID (uniqueidentifier), Button (varchar), Page (varchar)"
RFQ,11,33,1,0,0,"RFQ (varchar), Customer (varchar), Sales_Rep (varchar), Ship_To (int), User_Values (int), Contact (int), Terms (varchar), Sales_Code (varchar), Quote_Date (datetime), Commission_Pct (float), Note_Text (text), Comments (text), Reference (varchar), Status_Date (datetime), RFQ_Date (datetime), Last_Updated (datetime), Trade_Currency (int), Fixed_Rate (bit), Trade_Date (datetime), Currency_Conv_Rate (float), Ship_Via (varchar), Certs_Required (bit), Priority (smallint), Quoted_By (varchar), Submitted_Date (datetime), Submittal_Due_Date (datetime), Expiration_Date (datetime), Status (varchar), Followup_Date (datetime), Act_Followup_Date (datetime), Source (varchar), Win_Probability (int), Revision (varchar)"
Shift_Day,10,11,1,0,0,"Shift_Day (uniqueidentifier), Shift (uniqueidentifier), End_Time (datetime), PostEnd_Grace (int), PostStart_Grace (int), PreEnd_Grace (int), PreStart_Grace (int), Start_Time (datetime), Sequence (int), Last_Updated (datetime), First_Day (bit)"
Auto_Number,10,4,1,0,0,"Type (varchar), System_Generated (bit), Last_Nbr (varchar), Last_Updated (datetime)"
Vendor_Service,9,11,3,2,0,"Vendor_ServiceKey (int), Vendor_Service (int), Vendor (varchar), Service (varchar), Minimum_Chg (money), Currency_Conv_Rate (float), Trade_Currency (int), Fixed_Rate (bit), Trade_Date (datetime), Lead_Days (smallint), Last_Updated (datetime)"
Scenario_Header,8,9,1,0,0,"Scenario_Header (varchar), Scenario (varchar), Parent_ID (varchar), Type (varchar), Comment (text), Contact_Date (datetime), Is_Customer (bit), Status (varchar), Last_Updated (datetime)"
API,8,2,1,0,0,"API_Name (varchar), API_URL (varchar)"
Attachable_Report,8,3,1,0,0,"Attachable_Report (varchar), Name (varchar), Last_Updated (datetime)"
Activities,5,9,1,0,0,"ObjectID (uniqueidentifier), Function (varchar), Record (varchar), Activity (varchar), Description (varchar), Date (datetime), Status (varchar), Note_Text (text), Last_Updated (datetime)"
Bar_Stock_Cutoff,5,6,1,0,0,"Bar_Stock_CutoffKey (int), Bar_Stock_Cutoff (int), To_Diameter (float), Cut_Off (float), Std_Bar_End (float), Last_Updated (datetime)"
WCDisplay_Sequence,5,5,1,0,0,"ObjectID (uniqueidentifier), WorkCenter_OID (uniqueidentifier), Sequence (int), Created_Date (datetime), Last_Updated (datetime)"
Third_Party_Integration,4,3,1,0,0,"Integration_Key (int), Integration_Type (varchar), Integration_Name (varchar)"
Job_Exception,4,9,1,0,0,"Job_Exception (int), Requirement (varchar), Description (varchar), Last_Updated (datetime), ObjectID (uniqueidentifier), Job_Operation_OID (uniqueidentifier), Created_Time (datetime), Material_Req_OID (uniqueidentifier), Exception_Type (int)"
ACH_Settings_New,3,5,1,0,0,"ID (int), Setting_Name (varchar), Setting_Value (varchar), Encrypted (bit), Last_Updated (datetime)"
ACH_Users,3,7,1,0,0,"ID (int), User_Name (varchar), Password (varchar), Status (varchar), User_Type (varchar), Email (varchar), Last_Updated (datetime)"
Breaks,2,13,1,0,0,"Breaks (uniqueidentifier), Break_Name (varchar), End_Time (datetime), Start_Time (datetime), Shift (uniqueidentifier), PostEnd_Grace (int), PostStart_Grace (int), PreEnd_Grace (int), PreStart_Grace (int), Deduct_Job_Time (bit), Last_Updated (datetime), Schedule_Break (bit), Created_Time (datetime)"
Taxer,2,6,1,0,0,"Taxer (varchar), Name (varchar), Collection_Account (varchar), Paid_Account (varchar), Default_Rate (float), Last_Updated (datetime)"
Tax_Code_Detail,2,6,1,0,0,"Tax_Code_Detail (varchar), Tax_Code (varchar), Rate (float), Taxer (varchar), Post_To_GL (bit), Last_Updated (datetime)"
Shift,2,16,1,0,0,"Shift (uniqueidentifier), Shift_Name (varchar), DT_Rate (float), Daily_DT_Threshold (float), Daily_OT_Threshold (float), Weekly_DT_Threshold (float), Weekly_OT_Threshold (float), Holiday_Rate (float), OT_Rate (float), Round_Direction (int), Round_Increment (int), Saturday_Holiday (bit), Sunday_Holiday (bit), Last_Updated (datetime), Round_Job_Time (bit), CutOff_Hrs (float)"
RptPref,1,79,2,1,0,"PreferencesKey (int), Preferences (int), Address (int), Company_Logo (image), URL (text), Quote_Head (text), Quote_Foot (text), PO_Head (text), PO_Foot (text), Cust_Pack_Head (text), Cust_Pack_Foot (text), Vend_Pack_Head (text), Vend_Pack_Foot (text), Acknow_Head (text), Acknow_Foot (text), Invoice_Head (text), Invoice_Foot (text), Route_Header1 (varchar), Route_Header2 (varchar), Route_Header3 (varchar), Mat_Header1 (varchar), Mat_Header2 (varchar), Mat_Header3 (varchar), Inc_Route (bit), Inc_Route_Notes (bit), Inc_Matl (bit), Inc_Picks (bit), Inc_Buys (bit), Inc_Comp (bit), Inc_Deliveries (bit), Inc_Services (bit), Inc_Job_Notes (bit), Print_BO_PL (bit), Print_BO_Inv (bit), Print_Order (varchar), Print_Comp_Jobs (bit), Hide_Customer (bit), Print_Bar_Codes (varchar), Print_Wide (bit), BS_Print_Format (varchar), Print_Zero_Balances (bit), Neg_Nbr_Format (varchar), Round_To_Dollar (bit), Hide_Estimates (bit), Quote_Form_Type (varchar), Nbr_Copies_Quote (int), Fax_Quote (bit), Acknow_Form_Type (varchar), Nbr_Copies_Acknow (int), Fax_Acknow (bit), Invoice_Form_Type (varchar), Nbr_Copies_Invoice (int), Fax_Invoice (bit), Pack_Form_Type (varchar), Nbr_Copies_Pack (int), Fax_Pack (bit), PO_Form_Type (varchar), Nbr_Copies_PO (int), Fax_PO (bit), Vend_Pack_Form_Type (varchar), Nbr_Copies_Vend_Pack (int), Fax_Vend_Pack (bit), Last_Updated (datetime), RFQ_Head (text), RFQ_Foot (text), Quote_QualDoc (varchar), Quote_QualAlign (varchar), PO_QualDoc (varchar), PO_QualAlign (varchar), Cust_Pack_QualDoc (varchar), Cust_Pack_QualAlign (varchar), Vend_Pack_QualDoc (varchar), Vend_Pack_QualAlign (varchar), Acknow_QualDoc (varchar), Acknow_QualAlign (varchar), Invoice_QualDoc (varchar), Invoice_QualAlign (varchar), RFQ_QualDoc (varchar), RFQ_QualAlign (varchar)"
Preferences,1,74,1,0,0,"PreferencesKey (int), Preferences (int), System_Base_Currency (int), Imperial_Metric (varchar), Mat_Cost_Method (varchar), Labor_Rate (varchar), Labor_Burden (varchar), WC_Rate (money), Profit_Markup (varchar), Profit_Pct (float), Labor_Markup_Pct (float), Mat_Markup_Pct (float), Serv_Markup_Pct (float), Labor_Burden_Markup_Pct (float), Machine_Burden_Markup_Pct (float), GA_Burden_Markup_Pct (float), Run_Method (varchar), Transfer_Cost_Method (varchar), Inv_Cost_Method (varchar), Calc_Rem_Hours (varchar), Copy_Job_Hours (varchar), Close_Rule (varchar), Ship_Lead_Days (smallint), Link_Material (bit), SO_Ship_Override (bit), Partner (varchar), Link_Component (bit), Update_Job_From_PO (bit), Interface_AR (bit), Time_Entry_Pct (smallint), Auto_Complete_Oper (bit), Overlap_Method (varchar), Burden_Incl_Comm (bit), Incl_Scrap_Qty (bit), Default_Status (int), Last_Updated (datetime), Sell_Misc_Items (bit), Use_Discounts (bit), Quote_Default_Status (smallint), Order_Unit (varchar), Price_Unit_Conv (float), Price_Unit (varchar), Company_Code (varchar), Post_Transactions (bit), Quote_Decimal_Places (int), Freight_Class (varchar), Default_Tran_Limit (smallint), Home_Prompt (varchar), Track_PO_Changes (bit), Track_Job_Changes (bit), SynergyURL (varchar), SynergySQLServer (varchar), SynergySQLDB (varchar), SynergyDBPrefix (varchar), ObjectID (uniqueidentifier), Material_Affects_Schedule (bit), Allow_Prior_Schedule (bit), QualitySystemURL (varchar), Win_Probability (int), Expiration_Days (int), Syn_Items_FG (bit), Syn_Items_Supply (bit), Syn_Items_HW (bit), Syn_Items_Raw (bit), Syn_Items_IncludeRev (bit), AutoLogoutOption (int), AutoLogoutIdleTime (float), Unique_JobPart_SerialNum (bit), Track_Routing_Changes (bit), uniPoint_TokenKey (varchar), Quality_Solution_Key (int), QueLagHoursSource (int), uniPoint_Server_Path (varchar), Do_Not_Use_Currency_Conversion (bit)"
JB_Database,1,2,1,0,0,"JB_Database (int), DatabaseID (varchar)"
Location,1,9,1,0,2,"LocationKey (int), Location (int), User_Values (int), Warehouse (varchar), Location_ID (varchar), Description (varchar), Type (varchar), Note_Text (text), Last_Updated (datetime)"
FinPref,1,39,1,0,0,"PreferencesKey (int), Preferences (int), Nbr_Fiscal_Periods (smallint), JE_Retention (smallint), AR_Account (varchar), AR_Discount_Code (varchar), AR_Aging (varchar), AR_Cutoff_Days1 (smallint), AR_Cutoff_Days2 (smallint), AR_Cutoff_Days3 (smallint), AP_Account (varchar), AP_Discount (varchar), AP_Aging (varchar), AP_Cutoff_Days1 (smallint), AP_Cutoff_Days2 (smallint), AP_Cutoff_Days3 (smallint), AP_Check_Recon (bit), GL_Retained_Earnings (varchar), GL_CurrYr_Retained_Earnings (varchar), Last_Updated (datetime), AR_Fiscal_Per (varchar), AR_Next_Fiscal_Per (varchar), AP_Fiscal_Per (varchar), AP_Next_Fiscal_Per (varchar), GL_Fiscal_Per (varchar), GL_Next_Fiscal_Per (varchar), WIP_Account (varchar), RM_Account (varchar), FG_Account (varchar), COGS_Account (varchar), Scrap_Account (varchar), Labor_Account (varchar), Labor_Burden_Account (varchar), Machine_Burden_Account (varchar), GABurden_Account (varchar), AR_GLFE_Account (varchar), AP_GLFE_Account (varchar), NET1_Location_ID (varchar), NET1_Developer_ID (varchar)"
Currency_Def,1,15,1,0,0,"Currency_DefKey (int), Currency_Def (int), Currency_Name (varchar), Symbol (varchar), Description (varchar), Base_Currency (int), Rate (float), EMU_Member (bit), Sig_Digits (smallint), Dec_Symbol (varchar), Thousand_Separator (varchar), Neg_Format (smallint), Pos_Format (smallint), Locale (int), Last_Updated (datetime)"
Currency_Rate,0,7,1,0,0,"Currency_RateKey (int), Currency_Rate (int), Source_Currency (int), Target_Currency (int), Rate (float), Effective_Date (datetime), Last_Updated (datetime)"
Customer_Part,0,12,2,1,0,"Customer_PartKey (int), Customer_Part (int), Customer (varchar), Material (varchar), Part_Number (varchar), Rev (varchar), Description (varchar), Ext_Description (text), Sell_Price (float), Last_Updated (datetime), Customer_Type (varchar), Use_Customer_Currency (bit)"
Emp_Assignment,0,11,1,0,0,"Emp_Assignment (varchar), Employee (varchar), Op_Group (varchar), Job_Operation (int), Completed_Date (datetime), Schedule_Date (datetime), Due_Date_Only (bit), Sequence (int), Status (varchar), Last_Updated (datetime), ObjectID (uniqueidentifier)"
Bill_Of_Quotes,0,6,4,2,0,"Parent_Quote (varchar), Component_Quote (varchar), Quote_Operation (int), Relationship_Type (varchar), Relationship_Qty (int), Last_Updated (datetime)"
Attachment_Print,0,4,2,1,0,"Attachment_Print (varchar), Attachment (int), Last_Updated (datetime), Report_ID (varchar)"
Attendance,0,16,1,0,0,"Attendance (varchar), Employee (varchar), Work_Date (datetime), Login (datetime), Adjusted_Login (datetime), Logout (datetime), Adjusted_Logout (datetime), Regular_Minutes (float), OT_Minutes (float), DoubleOT_Minutes (float), Break_Minutes (float), Attendance_Type (int), Lock_Times (bit), Source (int), Last_Updated (datetime), ManualBrkTime (bit)"
ACH_Vendor_Contacts,0,3,1,0,0,"ID (int), ACH_Vendor_ID (int), Contact (int)"
ACH_Vendors,0,20,0,0,0,"ID (int), Vendor (varchar), Vendor_Legal_Name (varchar), Vendor_ID_Number (varchar), Routing_Number (varchar), Account_Number (varchar), Use_Default_Email (bit), Use_Contact_Title (varchar), Use_Selected_Contacts (bit), Date_Added (datetime), International (bit), Bank_Name (varchar), Bank_Country (varchar), Bank_ID_Number (varchar), ACH_Format (varchar), Mail_Handling_Code (varchar), Payee_Account_Type (varchar), Bank_ID (int), Account_Type (varchar), Format_ID (int)"
ACH_Version,0,3,1,0,0,"ID (int), Version (varchar), Updated_On (datetime)"
ACH_User_Permissions,0,4,1,0,0,"ID (int), User_ID (int), Permission_ID (int), Last_Updated (datetime)"
ACH_Bank_Formats,0,9,1,0,0,"ID (int), Bank_ID (int), Format_Name (varchar), Line_Name (varchar), Line_Num (varchar), Block_Num (varchar), Element_Name (varchar), Element_Value (varchar), Last_Updated (date)"
ACH_Banks,0,44,1,0,0,"ID (int), Bank (varchar), Routing_Number (varchar), Account_Number (varchar), Company_Name (varchar), Tax_Number (varchar), Balanced_File (bit), Blocked_File (bit), Client_Number (varchar), Destination_Data_Center (varchar), Bank_Name (varchar), Status (varchar), RBC (bit), Prenote_Code (varchar), Prenote_Amount (decimal), EFT_Format (varchar), Output_Format (varchar), Bank_Code (varchar), Branch_Code (varchar), Location_Code (varchar), Country_Code (varchar), Bank_ID (varchar), ACH_ID (varchar), Default_Format (int), Starting_Check_Number (int), Company_ID (varchar), Default_Bank (bit), Use_Custom_Format (bit), Use_Jobboss_Next_Check_Number (bit), Company_Discretionary_Data (varchar), Offset_Value (varchar), Include_Settlement_Date (bit), Settlement_Days (int), Overwrite_Currency_Code (bit), Overwrite_Currency_Value (varchar), Allow_Blank_Routing_Number (bit), Include_Vendor_Name (bit), Return_Account (varchar), Return_Transit (varchar), CIBC_Flag (varchar), CIBC_Branch_Transit (varchar), CIBC_Institute_ID (varchar), CIBC_Settlement_Account (varchar), CIBC_Client_Defined (varchar)"
ACH_Batch_Detail,0,5,1,0,0,"ID (int), Batch_ID (int), Item_Number (varchar), Item_Status (varchar), Last_Updated (datetime)"
ACH_Batch_Header,0,8,1,0,0,"ID (int), Batch_Number (varchar), Date_Added (datetime), Date_ACH_Created (datetime), Email_Sent (bit), Batch_Type (int), Approved (bit), Requested_By (varchar)"
ACH_Log,0,9,1,0,0,"ID (int), Date_Processed (datetime), AP_Check (varchar), Vendor (varchar), Check_Number (varchar), Check_Date (datetime), Check_Amount (money), Email_Sent (bit), Bank (varchar)"
ACH_Permissions,0,4,1,0,0,"ID (int), Permission (varchar), Caption (varchar), View_Order (int)"
ACH_Settings,0,18,1,0,0,"ID (int), User_Name (varchar), Password (varchar), SMTP_Server (varchar), SMTP_Port (varchar), SMTP_Requires_Login (bit), SMTP_Login (varchar), SMTP_Password (varchar), SMTP_Email_From (varchar), SMTP_CC (varchar), Company_Legal_Name (varchar), Company_FEIN (varchar), Bank_Legal_Name (varchar), Bank_Routing_Number (varchar), Bank_Account_Number (varchar), Return_Account_Number (varchar), Client_Number (varchar), Data_Center (varchar)"
Price_Break,0,7,1,0,0,"Price_BreakKey (int), Price_Break (int), Material (varchar), Minimum_Qty (float), Sell_Price (float), Last_Updated (datetime), Vendor_Material (varchar)"
Permission,0,5,1,0,0,"Permission (varchar), Employee (varchar), Transaction_Definition (int), Employee_Title (varchar), Last_Updated (datetime)"
Op_Group,0,6,1,0,0,"Op_Group (varchar), Work_Center (varchar), Name (varchar), Schedule_End (datetime), Schedule_Start (datetime), Last_Updated (datetime)"
Quote_Req,0,35,3,2,1,"Quote_ReqKey (int), Quote_Req (int), Quote (varchar), Material (varchar), Quote_Operation (int), Vendor (varchar), Type (varchar), Description (varchar), Pick_Buy_Indicator (varchar), Quantity_Per_Basis (varchar), Quantity_Per (float), UofM (varchar), Cost_UofM (varchar), Est_Unit_Cost (float), Vendor_Reference (varchar), Part_Length (float), Part_Width (float), Bar_End (float), Cutoff (float), Facing (float), Bar_Length (float), Currency_Conv_Rate (float), Trade_Currency (int), Fixed_Rate (bit), Trade_Date (datetime), Certs_Required (bit), Sched_Start_Date (datetime), Sched_End_Date (datetime), Note_Text (text), Last_Updated (datetime), Cost_Unit_Conv (float), Quantity_Multiplier (float), Drawing_ID (varchar), Affects_Schedule (bit), Rounded (bit)"
Quote_Req_Qty,0,14,2,1,0,"Quote_Req_QtyKey (int), Quote_Req_Qty (int), Quote_Req (int), Quote (varchar), Material (varchar), Quote_Qty_Key (int), Make_Quantity (int), Est_Qty (float), Est_Unit_Cost (float), Est_Addl_Cost (money), Addl_Cost_Desc (varchar), Est_Total_Cost (money), Lead_Days (smallint), Last_Updated (datetime)"
Raw_Stock_Old,0,11,0,0,0,"Raw_Stock (varchar), Type (varchar), Shape (varchar), Length (float), Length2 (float), Thickness (float), Gauge (float), Distance_Across (float), Purchase_Unit_Weight (float), Weight_Factor (float), Last_Updated (datetime)"
Quote_Addl_Charge,0,11,2,1,0,"Quote_Addl_ChargeKey (int), Addl_Charge (int), Quote (varchar), Sales_Code (varchar), Description (varchar), Est_Price (money), Job_Revenue (bit), Commissionable (bit), Note_Text (text), Last_Updated (datetime), Recurring (bit)"
Quote_Operation,0,40,4,3,1,"Quote_OperationKey (int), Quote_Operation (int), Vendor (varchar), Work_Center (varchar), Quote (varchar), WC_Vendor (varchar), Description (varchar), Run (float), Run_Method (varchar), Efficiency_Pct (float), Est_Run_Per_Part (float), Attended_Pct (float), Queue_Hrs (float), Est_Setup_Hrs (float), Operation_Service (varchar), Sequence (smallint), Inside_Oper (bit), Lead_Days (smallint), Est_Unit_Cost (float), Est_Addl_Cost (money), Addl_Cost_Desc (varchar), Minimum_Chg_Amt (money), Cost_Unit (varchar), Cost_Unit_Conv (float), Currency_Conv_Rate (float), Trade_Currency (int), Fixed_Rate (bit), Trade_Date (datetime), Run_Labor_Rate (money), Setup_Labor_Rate (money), Run_Labor_Burden_Rate (money), Setup_Labor_Burden_Rate (money), Machine_Burden_Rate (money), GA_Burden_Rate (money), Note_Text (text), Last_Updated (datetime), Sched_Resources (float), Lag_Hours (float), Overlap (float), Overlap_Method (varchar)"
Quote_Operation_Qty,0,30,3,2,0,"Quote_Operation_QtyKey (int), Quote_Operation_Qty (int), Quote_Operation (int), Quote_Qty_Key (int), Est_Setup_Hrs (float), Est_Run_Hrs (float), Est_Total_Hrs (float), Est_Setup_Labor (money), Est_Run_Labor (money), Est_Labor_Burden (money), Est_Machine_Burden (money), Est_GA_Burden (money), Sequence (smallint), Priority (smallint), Inside_Oper (bit), Est_Unit_Cost (float), Est_Addl_Cost (money), Addl_Cost_Desc (varchar), Offset_Rate (money), Est_Total_Cost (money), Nbr_Setups (real), Last_Updated (datetime), Run (float), Run_Method (varchar), Efficiency_Pct (float), Est_Run_Per_Part (float), Setup_Hrs (float), Locked (bit), Overlap_Qty (float), Est_Ovl_Hrs (float)"
Shift_Override,0,3,1,0,0,"ObjectID (uniqueidentifier), Shift_Name (varchar), Last_Updated (datetime)"
SO_Detail,0,48,2,1,0,"SO_DetailKey (int), SO_Detail (int), Sales_Order (varchar), SO_Line (varchar), PO (varchar), Line (varchar), Material (varchar), Ship_To (int), Drop_Ship (bit), Quote (varchar), Job (varchar), Status (varchar), Make_Buy (varchar), Unit_Price (float), Discount_Pct (float), Price_UofM (varchar), Total_Price (money), Deferred_Qty (float), Prepaid_Amt (money), Unit_Cost (float), Order_Qty (float), Stock_UofM (varchar), Backorder_Qty (float), Picked_Qty (float), Shipped_Qty (float), Returned_Qty (float), Certs_Required (bit), Taxable (bit), Commissionable (bit), Commission_Pct (float), Sales_Code (varchar), Note_Text (text), Promised_Date (datetime), Last_Updated (datetime), Description (varchar), Price_Unit_Conv (float), Rev (varchar), Tax_Code (varchar), Ext_Description (text), Cost_UofM (varchar), Cost_Unit_Conv (float), Res_Type (smallint), Res_ID (varchar), Res_Qty (float), Partial_Res (bit), Prepaid_Trade_Amt (money), ObjectID (uniqueidentifier), CommissionIncluded (bit)"
SO_Header,0,27,1,0,1,"Sales_Order (varchar), Customer (varchar), Ship_To (int), Contact (int), Sales_Rep (varchar), Order_Taken_By (varchar), Ship_Via (varchar), Tax_Code (varchar), Terms (varchar), Sales_Tax_Amt (money), Sales_Tax_Rate (float), Order_Date (datetime), Promised_Date (datetime), Customer_PO (varchar), Status (varchar), Total_Price (money), Currency_Conv_Rate (float), Trade_Currency (int), Fixed_Rate (bit), Trade_Date (datetime), Note_Text (text), Comment (text), Last_Updated (datetime), User_Values (int), Source (varchar), Prepaid_Tax_Amount (money), Revision (varchar)"
Sched_Bill_Dist,0,7,1,0,0,"Sched_Bill_Dist (varchar), Scheduled_Bill (varchar), Amount (float), Description (varchar), GL_Account (varchar), Last_Updated (datetime), Discountable (bit)"
Scheduled_Bill,0,9,1,0,0,"Scheduled_Bill (varchar), Started_Date (datetime), Vendor (varchar), Invoice_Day (smallint), Base_Number (varchar), Occurrence (smallint), Remit_To (int), Note_Text (text), Last_Updated (datetime)"
SerialNumber,0,6,1,0,0,"ObjectID (uniqueidentifier), SerialNumber (varchar), PartNumber (varchar), CurrentUsage (float), ExpirationDate (datetime), Last_Updated (datetime)"
SerialNumberDetail,0,6,1,0,0,"ObjectID (uniqueidentifier), SerialNumber_OID (uniqueidentifier), Reference_OID (uniqueidentifier), OwnerReference_OID (uniqueidentifier), ObjectType (int), Last_Updated (datetime)"
Stock_Item,0,24,1,0,0,"Stock_Item (varchar), Name (varchar), Primary_Vendor (varchar), Shape (varchar), Location_ID (varchar), Sales_Code (varchar), Pick_Buy_Indicator (varchar), Class (varchar), Stocked_UofM (varchar), Purchase_UofM (varchar), Cost_UofM (varchar), Rd_Whole_Unit (bit), Lot_Trace (bit), Lead_Days (int), GL_Account (varchar), Alloy (varchar), Pounds_Per_Base_Unit (float), Dimension_1 (float), Dimension_2 (float), Dimension_3 (float), Dimension_4 (float), Dimension_5 (float), Last_Updated (datetime), Tax_Code (varchar)"
Temp_ID,0,4,2,0,0,"Session_ID (varchar), Item (varchar), Item2 (varchar), Item3 (varchar)"
Transaction_Data,0,26,1,0,0,"Transaction_Data (varchar), Transaction_Type (int), Employee (varchar), Work_Date (datetime), Terminal_ID (varchar), Status (int), Transaction_Start (datetime), Transaction_End (datetime), Error_ID (varchar), Error_Text (varchar), Linked_Tran_Int (int), Linked_Tran_String (varchar), Target_Int (int), Target_String (varchar), Job (varchar), Material (varchar), Quantity (float), Document (varchar), Location (varchar), Location_1 (varchar), Lot (varchar), Lot_1 (varchar), PO (varchar), PO_Line (varchar), Last_Updated (datetime), Close (bit)"
Transaction_Detail,0,26,1,0,0,"Transaction_Detail (int), Transaction_Data (varchar), Target_Integer (int), Labor_Hrs (float), Machine_Hrs (float), Percent_Complete (float), Entry_Type (int), Rework (bit), Rework_Rsn (varchar), Scrap_Rsn (varchar), Scrap_Qty (int), Notes (text), Complete_Operation (bit), Quantity (int), Work_Center (varchar), Job (varchar), Operation (varchar), Linked_Tran_String (varchar), Text1 (varchar), Text4 (varchar), SN_OID (uniqueidentifier), SerialNumber (varchar), PartNumber (varchar), CurrentUsage (float), ExpirationDate (datetime), SN_IsScrapped (bit)"
Transaction_Setting,0,9,1,0,0,"Transaction_Setting (varchar), Transaction_Value (varchar), Employee (varchar), Permission (varchar), Default_Value (varchar), Display_Text (varchar), Hidden (bit), Required (bit), Last_Updated (datetime)"
WCMaterialClass,0,4,1,0,0,"ObjectID (uniqueidentifier), WorkCenter_OID (uniqueidentifier), Class_OID (uniqueidentifier), Last_Updated (datetime)"
WCMaterialShape,0,4,1,0,0,"ObjectID (uniqueidentifier), WorkCenter_OID (uniqueidentifier), Shape_OID (uniqueidentifier), Last_Updated (datetime)"
WCShift_Override,0,11,1,0,0,"ObjectID (uniqueidentifier), Shift_ID (uniqueidentifier), Machines (int), Operators (int), Operators_Per_Machine (float), Shift_Type (int), Date (datetime), Hours (float), WorkCenter_OID (uniqueidentifier), Is_Work_Day (bit), Last_Updated (datetime)"
