26-005,USSUGARC,POLISHING/TRAP FILTER BLOWDN TANK,Active,NULL,SHERRI,2026-03-25 13:33:15.000,2026-01-19 00:00:00.000
26-020,USSUGARC,SECONDARY SCREENED JUICE TANK C,Active,NULL,SHERRI,2026-03-25 13:33:15.000,2026-02-05 00:00:00.000
26-021,USSUGARC,PRIMARY SCREENED JUICE TANK C,Active,NULL,SHERRI,2026-03-25 13:33:15.000,2026-02-05 00:00:00.000
24-070,R2TCONSTRU,LIME BULK STORAGE TANK #6,Complete,NULL,SHERRI,2026-03-25 13:31:02.000,2024-12-18 00:00:00.000
26-019,GENERA1,NOZZLES W/REPADS,Active,NULL,SHERRI,2026-03-25 13:30:07.000,2026-01-28 00:00:00.000
25-117,MERRINDU,MH-5301-HP-02000-CASING,Active,NULL,SHERRI,2026-03-25 13:22:02.000,2025-11-07 00:00:00.000
25-118,MERRINDU,MH-5301-HP-05000-CASING,Active,NULL,SHERRI,2026-03-25 13:22:02.000,2025-11-07 00:00:00.000
26-030,AMERTERP,0.374 SHELL_205-14 REPLACEMENT,Active,NULL,NICK,2026-03-25 13:14:33.000,2026-03-20 00:00:00.000
26-031,SOLVSPEC,CRUDE CRYSTALIZER SURGE DRUM,Active,NULL,NICK,2026-03-25 13:05:56.000,2026-03-24 00:00:00.000
25-068,RECOCOMM,BUFFER TANK #13,Active,NULL,SHERRI,2026-03-25 13:01:37.000,2025-06-13 00:00:00.000
25-092,AMERTERP,CARBON UNIT #1,Active,NULL,SHERRI,2026-03-25 13:01:37.000,2025-09-10 00:00:00.000
25-066,RECOCOMM,BUFFER TANK #11,Complete,NULL,SHERRI,2026-03-25 13:01:37.000,2025-06-13 00:00:00.000
25-067,RECOCOMM,BUFFER TANK #12,Complete,NULL,SHERRI,2026-03-25 13:01:37.000,2025-06-13 00:00:00.000
OH-26,SAVATANK,NULL,Active,NULL,SHERRI,2026-03-25 10:44:00.000,2026-01-02 00:00:00.000
25-099,BURKINDU,CONE BOTTOM W/COIL,Active,NULL,SHERRI,2026-03-25 10:42:47.000,2025-10-02 00:00:00.000
26-033,KIMBCLAR,SEAL TANK,Active,NULL,SHERRI,2026-03-25 10:17:18.000,2026-03-25 00:00:00.000
26-032,KIMBCLAR,DRAINAGE BOX SEPARATOR,Active,NULL,SHERRI,2026-03-25 10:08:16.000,2026-03-25 00:00:00.000
25-070,RECOCOMM,BUFFER TANK #15,Active,NULL,SCOTT,2026-03-25 08:29:13.000,2025-06-13 00:00:00.000
25-069,RECOCOMM,BUFFER TANK #14,Active,NULL,SCOTT,2026-03-25 08:29:13.000,2025-06-13 00:00:00.000
25-101,HARPLOVE,T-1615 RUPTURE DISK CATCH TANK,Active,NULL,SCOTT,2026-03-25 08:26:20.000,2025-10-27 00:00:00.000
25-093,AMERTERP,CARBON UNIT #2,Active,NULL,SCOTT,2026-03-25 08:25:58.000,2025-09-10 00:00:00.000
25-013,KIMBCLAR,340-TK-34001,Active,NULL,SCOTT,2026-03-25 08:06:56.000,2025-01-28 00:00:00.000
25-071,RECOCOMM,BUFFER TANK #16,Active,NULL,SCOTT,2026-03-25 08:05:07.000,2025-06-13 00:00:00.000
24-046,SYMSENGI,NMP STORAGE TANK (TK-F502R),Active,NULL,SCOTT,2026-03-25 07:36:00.000,2024-08-15 00:00:00.000
25-124,VERTCORP,BUFFER TANK 1 OF 224,Active,NULL,SHERRI,2026-03-24 14:55:55.000,2025-12-15 00:00:00.000
25-040,NAKKILNS,HR 120 SHELL,Active,NULL,SCOTT,2026-03-24 07:50:16.000,2025-03-05 00:00:00.000
24-064,R2TCONSTRU,LIME DAY TANK #2,Complete,NULL,SHERRI,2026-03-22 13:50:20.000,2024-12-18 00:00:00.000
25-052,KRATCHEM,SKIM OIL TANK,Complete,NULL,SHERRI,2026-03-22 13:47:52.000,2025-05-19 00:00:00.000
25-018,KIMBCLAR,420-BT-42001,Complete,NULL,SHERRI,2026-03-22 13:47:52.000,2025-01-28 00:00:00.000
25-106,EPICSYST,T-121,Active,NULL,SHERRI,2026-03-22 13:47:01.000,2025-10-31 00:00:00.000
25-007,KIMBCLAR,160-TK-16001,Complete,NULL,SHERRI,2026-03-22 13:47:00.000,2025-01-28 00:00:00.000
25-144,VERTCORP,BUFFER TANK 21 OF 224,Active,NULL,SCOTT,2026-03-21 08:24:01.000,2025-12-15 00:00:00.000
25-136,VERTCORP,BUFFER TANK 13 OF 224,Active,NULL,SCOTT,2026-03-21 08:24:01.000,2025-12-15 00:00:00.000
25-135,VERTCORP,BUFFER TANK 12 OF 224,Active,NULL,SCOTT,2026-03-21 08:17:26.000,2025-12-15 00:00:00.000
25-149,VERTCORP,BUFFER TANK 26 OF 224,Active,NULL,SCOTT,2026-03-21 08:16:01.000,2025-12-15 00:00:00.000
25-164,VERTCORP,BUFFER TANK 41 OF 224,Active,NULL,SCOTT,2026-03-21 08:16:01.000,2025-12-15 00:00:00.000
25-145,VERTCORP,BUFFER TANK 22 OF 224,Active,NULL,SCOTT,2026-03-21 08:09:12.000,2025-12-15 00:00:00.000
25-130,VERTCORP,BUFFER TANK 7 OF 224,Active,NULL,SCOTT,2026-03-21 08:09:12.000,2025-12-15 00:00:00.000
25-171,VERTCORP,BUFFER TANK 48 OF 224,Active,NULL,SCOTT,2026-03-21 08:06:42.000,2026-01-02 00:00:00.000
25-172,VERTCORP,BUFFER TANK 49 OF 224,Active,NULL,SCOTT,2026-03-21 08:06:42.000,2025-12-15 00:00:00.000
25-173,VERTCORP,BUFFER TANK 50 OF 224,Active,NULL,SCOTT,2026-03-21 08:06:42.000,2025-12-15 00:00:00.000
25-165,VERTCORP,BUFFER TANK 42 OF 224,Active,NULL,SCOTT,2026-03-21 08:06:41.000,2025-12-15 00:00:00.000
25-166,VERTCORP,BUFFER TANK 43 OF 224,Active,NULL,SCOTT,2026-03-21 08:06:41.000,2025-12-15 00:00:00.000
25-167,VERTCORP,BUFFER TANK 44 OF 224,Active,NULL,SCOTT,2026-03-21 08:06:41.000,2025-12-15 00:00:00.000
25-168,VERTCORP,BUFFER TANK 45 OF 224,Active,NULL,SCOTT,2026-03-21 08:06:41.000,2025-12-15 00:00:00.000
25-169,VERTCORP,BUFFER TANK 46 OF 224,Active,NULL,SCOTT,2026-03-21 08:06:41.000,2025-12-15 00:00:00.000
25-170,VERTCORP,BUFFER TANK 47 OF 224,Active,NULL,SCOTT,2026-03-21 08:06:41.000,2026-01-02 00:00:00.000
25-154,VERTCORP,BUFFER TANK 31 OF 224,Active,NULL,SCOTT,2026-03-21 08:01:46.000,2025-12-15 00:00:00.000
25-174,VERTCORP,BUFFER TANK 51 OF 224,Active,NULL,SCOTT,2026-03-21 07:56:08.000,2025-12-15 00:00:00.000
25-155,VERTCORP,BUFFER TANK 32 OF 224,Active,NULL,SCOTT,2026-03-21 07:53:11.000,2025-12-15 00:00:00.000
25-156,VERTCORP,BUFFER TANK 33 OF 224,Active,NULL,SCOTT,2026-03-21 07:53:11.000,2025-12-15 00:00:00.000
25-150,VERTCORP,BUFFER TANK 27 OF 224,Active,NULL,SCOTT,2026-03-21 07:50:22.000,2025-12-15 00:00:00.000
25-125,VERTCORP,BUFFER TANK 2 OF 224,Active,NULL,SCOTT,2026-03-21 07:42:39.000,2025-12-15 00:00:00.000
26-025,BLAKPEND,AIR RECEIVER TANK,Active,NULL,NICK,2026-03-20 12:34:56.000,2026-03-11 00:00:00.000
26-029,AMERTERP,ALLOWABLE NOZZLE LOAD ANALYSIS,Active,NULL,SHERRI,2026-03-20 12:32:29.000,2026-03-20 00:00:00.000
26-028,KEMIRAWS,t-107R DRAWING,Active,NULL,SHERRI,2026-03-20 12:25:32.000,2026-03-20 00:00:00.000
26-027,KEMIRAWS,t-103R DRAWING,Active,NULL,SHERRI,2026-03-20 12:23:04.000,2026-03-20 00:00:00.000
26-006,VERTCORP,TEMP SENSOR SHIPMENT 1,Active,NULL,NICK,2026-03-20 11:57:49.000,2026-01-19 00:00:00.000
25-131,VERTCORP,BUFFER TANK 8 OF 224,Active,NULL,SCOTT,2026-03-20 08:19:50.000,2025-12-15 00:00:00.000
25-147,VERTCORP,BUFFER TANK 24 OF 224,Active,NULL,SCOTT,2026-03-20 08:19:50.000,2025-12-15 00:00:00.000
25-141,VERTCORP,BUFFER TANK 18 OF 224,Active,NULL,SCOTT,2026-03-20 08:19:49.000,2025-12-15 00:00:00.000
25-083,SYNTHOMER,REACTOR 12,Active,NULL,SCOTT,2026-03-20 08:17:20.000,2025-07-14 00:00:00.000
25-139,VERTCORP,BUFFER TANK 16 OF 224,Active,NULL,SCOTT,2026-03-20 08:13:19.000,2025-12-15 00:00:00.000
25-138,VERTCORP,BUFFER TANK 15 OF 224,Active,NULL,SCOTT,2026-03-20 08:13:18.000,2025-12-15 00:00:00.000
25-126,VERTCORP,BUFFER TANK 3 OF 224,Active,NULL,SCOTT,2026-03-20 08:13:18.000,2025-12-15 00:00:00.000
25-129,VERTCORP,BUFFER TANK 6 OF 224,Active,NULL,SCOTT,2026-03-20 08:13:18.000,2025-12-15 00:00:00.000
25-177,VERTCORP,BUFFER TANK 54 OF 224,Active,NULL,SCOTT,2026-03-20 07:47:08.000,2025-12-15 00:00:00.000
25-178,VERTCORP,BUFFER TANK 55 OF 224,Active,NULL,SCOTT,2026-03-20 07:47:08.000,2025-12-15 00:00:00.000
25-179,VERTCORP,BUFFER TANK 56 OF 224,Active,NULL,SCOTT,2026-03-20 07:47:08.000,2025-12-15 00:00:00.000
25-180,VERTCORP,BUFFER TANK 57 OF 224,Active,NULL,SCOTT,2026-03-20 07:47:08.000,2025-12-15 00:00:00.000
25-181,VERTCORP,BUFFER TANK 58 OF 224,Active,NULL,SCOTT,2026-03-20 07:47:08.000,2025-12-15 00:00:00.000
25-148,VERTCORP,BUFFER TANK 25 OF 224,Active,NULL,SCOTT,2026-03-20 07:41:53.000,2025-12-15 00:00:00.000
25-152,VERTCORP,BUFFER TANK 29 OF 224,Active,NULL,SCOTT,2026-03-20 07:39:08.000,2025-12-15 00:00:00.000
25-153,VERTCORP,BUFFER TANK 30 OF 224,Active,NULL,SCOTT,2026-03-20 07:39:08.000,2025-12-15 00:00:00.000
25-175,VERTCORP,BUFFER TANK 52 OF 224,Active,NULL,SCOTT,2026-03-20 07:39:07.000,2025-12-15 00:00:00.000
25-176,VERTCORP,BUFFER TANK 53 OF 224,Active,NULL,SCOTT,2026-03-20 07:39:07.000,2025-12-15 00:00:00.000
25-127,VERTCORP,BUFFER TANK 4 OF 224,Active,NULL,SCOTT,2026-03-20 07:34:29.000,2026-01-13 00:00:00.000
25-143,VERTCORP,BUFFER TANK 20 OF 224,Active,NULL,SCOTT,2026-03-20 07:34:29.000,2025-12-15 00:00:00.000
25-142,VERTCORP,BUFFER TANK 19 OF 224,Active,NULL,SCOTT,2026-03-20 07:34:28.000,2025-12-15 00:00:00.000
26-017,FLOQENGI,EPI TANK #1,Active,NULL,SHERRI,2026-03-19 15:24:24.000,2026-01-13 00:00:00.000
26-018,FLOQENGI,EPI TANK #2,Active,NULL,SHERRI,2026-03-19 15:24:24.000,2026-01-13 00:00:00.000
25-025,IRVCPROD,TAD FABRIC RELEASE BULK TANK,Complete,NULL,SHERRI,2026-03-19 15:15:43.000,2025-02-04 00:00:00.000
25-026,IRVCPROD,CREPING ADHESIVE BULK TANK,Complete,NULL,SHERRI,2026-03-19 15:15:43.000,2025-02-04 00:00:00.000
25-031,IRVCPROD,WET STRENGTH RESIN BULK STORAGE TK#1,Complete,NULL,SHERRI,2026-03-19 15:15:43.000,2025-02-04 00:00:00.000
25-032,IRVCPROD,WET STRENGTH RESIN BULK STORAGE TK#2,Complete,NULL,SHERRI,2026-03-19 15:15:43.000,2025-02-04 00:00:00.000
25-037,IRVCPROD,DRY STRENGTH BULK TANK,Complete,NULL,SHERRI,2026-03-19 15:15:43.000,2025-02-04 00:00:00.000
25-027,IRVCPROD,YANKEE MACHINE CHEST,Complete,NULL,SHERRI,2026-03-19 15:00:17.000,2025-02-04 00:00:00.000
25-028,IRVCPROD,CORE MACHINE CHEST,Complete,NULL,SHERRI,2026-03-19 15:00:17.000,2025-02-04 00:00:00.000
25-029,IRVCPROD,TAD MACHINE CHEST,Complete,NULL,SHERRI,2026-03-19 15:00:17.000,2025-02-04 00:00:00.000
25-089,VALMETIN,DISSOLVING TANK,Complete,NULL,SHERRI,2026-03-19 14:46:30.000,2025-08-25 00:00:00.000
25-055,AIRGASNITR,SST N20 REACTOR,Active,NULL,SHERRI,2026-03-19 11:54:08.000,2025-06-12 00:00:00.000
25-102,EPICSYST,T-101,Active,NULL,SHERRI,2026-03-19 11:53:15.000,2025-11-03 00:00:00.000
25-010,KIMBCLAR,220-TK-22112,Complete,NULL,SHERRI,2026-03-19 11:43:31.000,2025-01-28 00:00:00.000
25-016,KIMBCLAR,370-TK-37001,Complete,NULL,SHERRI,2026-03-19 11:43:31.000,2025-01-28 00:00:00.000
25-019,KIMBCLAR,520-TK-52001,Complete,NULL,SHERRI,2026-03-19 11:43:31.000,2025-01-28 00:00:00.000
25-011,KIMBCLAR,230-TK-23001,Complete,NULL,SHERRI,2026-03-19 11:41:53.000,2025-01-28 00:00:00.000
26-015,FLOQENGI,R2 REACTOR,Active,NULL,SHERRI,2026-03-19 11:38:52.000,2026-01-13 00:00:00.000
25-107,EPICSYST,T-113,Active,NULL,SHERRI,2026-03-19 11:36:20.000,2025-10-31 00:00:00.000
25-108,EPICSYST,T-114,Active,NULL,SHERRI,2026-03-19 11:36:20.000,2025-10-31 00:00:00.000
25-103,EPICSYST,T-104,Active,NULL,SHERRI,2026-03-19 10:41:46.000,2025-10-31 00:00:00.000
25-104,EPICSYST,T-103,Active,NULL,SHERRI,2026-03-19 10:41:46.000,2025-10-31 00:00:00.000
25-115,EPICSYST,V-104,Active,NULL,SHERRI,2026-03-19 08:31:29.000,2025-10-31 00:00:00.000
25-113,EPICSYST,T-120,Active,NULL,SHERRI,2026-03-19 08:31:13.000,2025-10-31 00:00:00.000
25-112,EPICSYST,T-118B,Active,NULL,SHERRI,2026-03-19 08:30:56.000,2025-10-31 00:00:00.000
25-111,EPICSYST,T-118A,Active,NULL,SHERRI,2026-03-19 08:30:36.000,2025-10-31 00:00:00.000
25-110,EPICSYST,T-117,Active,NULL,SHERRI,2026-03-19 08:30:20.000,2025-10-31 00:00:00.000
25-109,EPICSYST,V-117,Active,NULL,SHERRI,2026-03-19 08:29:54.000,2025-10-31 00:00:00.000
25-159,VERTCORP,BUFFER TANK 36 OF 224,Active,NULL,SCOTT,2026-03-19 07:41:47.000,2025-12-15 00:00:00.000
25-151,VERTCORP,BUFFER TANK 28 OF 224,Active,NULL,SCOTT,2026-03-19 07:09:24.000,2025-12-15 00:00:00.000
25-105,EPICSYST,T-105,Active,NULL,SHERRI,2026-03-18 16:39:50.000,2025-10-31 00:00:00.000
26-026,ANDRITZI,STEAM PIPE REPAIR PIECES,Active,NULL,NICK,2026-03-18 16:31:36.000,2026-03-16 00:00:00.000
25-132,VERTCORP,BUFFER TANK 9 OF 224,Active,NULL,APRIL,2026-03-18 16:30:06.000,2025-12-15 00:00:00.000
26-022,ANDRITZI,WASH LIQUOR FLASH TANK,Active,NULL,SHERRI,2026-03-18 12:57:26.000,2026-02-17 00:00:00.000
25-357,SYLVAMO,SEAL TANK STAND PIPE,Active,NULL,SHERRI,2026-03-18 12:50:58.000,2025-12-30 00:00:00.000
25-358,SYLVAMO,RECTANGULAR SEAL TANK,Active,NULL,SHERRI,2026-03-18 12:50:58.000,2025-12-30 00:00:00.000
25-074,KEMIRAWS,T306 FERRIC SULFATE STORAGE TANK,Complete,NULL,SHERRI,2026-03-18 12:45:44.000,2025-06-17 00:00:00.000
26-023,SAVATANK,DEMO TANK,Active,NULL,SHERRI,2026-03-18 11:18:09.000,2026-03-05 00:00:00.000
25-123,KIMBCLAR,BACKWATER TANK,Active,NULL,SHERRI,2026-03-17 11:22:35.000,2025-12-15 00:00:00.000
25-182,VERTCORP,BUFFER TANK 59 OF 224,Active,NULL,SCOTT,2026-03-17 08:20:40.000,2025-12-15 00:00:00.000
25-183,VERTCORP,BUFFER TANK 60 OF 224,Active,NULL,SCOTT,2026-03-17 08:20:40.000,2025-12-15 00:00:00.000
25-134,VERTCORP,BUFFER TANK 11 OF 224,Active,NULL,SCOTT,2026-03-17 08:12:35.000,2026-01-13 00:00:00.000
25-133,VERTCORP,BUFFER TANK 10 OF 224,Active,NULL,SCOTT,2026-03-17 08:12:35.000,2025-12-15 00:00:00.000
25-137,VERTCORP,BUFFER TANK 14 OF 224,Active,NULL,SCOTT,2026-03-17 08:03:42.000,2025-12-15 00:00:00.000
25-146,VERTCORP,BUFFER TANK 23 OF 224,Active,NULL,SCOTT,2026-03-17 08:03:42.000,2025-12-15 00:00:00.000
25-140,VERTCORP,BUFFER TANK 17 OF 224,Active,NULL,SCOTT,2026-03-17 08:03:42.000,2025-12-15 00:00:00.000
25-128,VERTCORP,BUFFER TANK 5 OF 224,Complete,NULL,SCOTT,2026-03-17 08:03:42.000,2026-01-13 00:00:00.000
25-213,VERTCORP,BUFFER TANK 90 OF 224,Active,NULL,SCOTT,2026-03-17 07:39:45.000,2025-12-15 00:00:00.000
25-204,VERTCORP,BUFFER TANK 81 OF 224,Active,NULL,SCOTT,2026-03-17 07:39:44.000,2025-12-15 00:00:00.000
25-205,VERTCORP,BUFFER TANK 82 OF 224,Active,NULL,SCOTT,2026-03-17 07:39:44.000,2025-12-15 00:00:00.000
25-206,VERTCORP,BUFFER TANK 83 OF 224,Active,NULL,SCOTT,2026-03-17 07:39:44.000,2025-12-15 00:00:00.000
25-207,VERTCORP,BUFFER TANK 84 OF 224,Active,NULL,SCOTT,2026-03-17 07:39:44.000,2025-12-15 00:00:00.000
25-208,VERTCORP,BUFFER TANK 85 OF 224,Active,NULL,SCOTT,2026-03-17 07:39:44.000,2025-12-15 00:00:00.000
25-209,VERTCORP,BUFFER TANK 86 OF 224,Active,NULL,SCOTT,2026-03-17 07:39:44.000,2025-12-15 00:00:00.000
25-210,VERTCORP,BUFFER TANK 87 OF 224,Active,NULL,SCOTT,2026-03-17 07:39:44.000,2025-12-15 00:00:00.000
25-211,VERTCORP,BUFFER TANK 88 OF 224,Active,NULL,SCOTT,2026-03-17 07:39:44.000,2025-12-15 00:00:00.000
25-212,VERTCORP,BUFFER TANK 89 OF 224,Active,NULL,SCOTT,2026-03-17 07:39:44.000,2025-12-15 00:00:00.000
25-160,VERTCORP,BUFFER TANK 37 OF 224,Active,NULL,SCOTT,2026-03-14 07:05:25.000,2025-12-15 00:00:00.000
25-161,VERTCORP,BUFFER TANK 38 OF 224,Active,NULL,SCOTT,2026-03-14 07:05:25.000,2025-12-15 00:00:00.000
25-162,VERTCORP,BUFFER TANK 39 OF 224,Active,NULL,SCOTT,2026-03-14 07:05:25.000,2025-12-15 00:00:00.000
25-163,VERTCORP,BUFFER TANK 40 OF 224,Active,NULL,SCOTT,2026-03-14 07:05:25.000,2025-12-15 00:00:00.000
25-202,VERTCORP,BUFFER TANK 79 OF 224,Active,NULL,SCOTT,2026-03-14 07:01:09.000,2025-12-15 00:00:00.000
25-203,VERTCORP,BUFFER TANK 80 OF 224,Active,NULL,SCOTT,2026-03-14 07:01:09.000,2025-12-15 00:00:00.000
25-356,SYNTHOMER,EMULSION TANK,Active,NULL,SHERRI,2026-03-13 09:14:04.000,2025-12-18 00:00:00.000
25-157,VERTCORP,BUFFER TANK 34 OF 224,Active,NULL,SCOTT,2026-03-13 07:27:21.000,2025-12-15 00:00:00.000
25-158,VERTCORP,BUFFER TANK 35 OF 224,Active,NULL,SCOTT,2026-03-13 07:27:21.000,2025-12-15 00:00:00.000
25-193,VERTCORP,BUFFER TANK 70 OF 224,Active,NULL,SCOTT,2026-03-13 07:23:38.000,2025-12-15 00:00:00.000
25-194,VERTCORP,BUFFER TANK 71 OF 224,Active,NULL,SCOTT,2026-03-13 07:23:38.000,2025-12-15 00:00:00.000
25-195,VERTCORP,BUFFER TANK 72 OF 224,Active,NULL,SCOTT,2026-03-13 07:23:38.000,2025-12-15 00:00:00.000
25-196,VERTCORP,BUFFER TANK 73 OF 224,Active,NULL,SCOTT,2026-03-13 07:23:38.000,2025-12-15 00:00:00.000
25-197,VERTCORP,BUFFER TANK 74 OF 224,Active,NULL,SCOTT,2026-03-13 07:23:38.000,2025-12-15 00:00:00.000
25-198,VERTCORP,BUFFER TANK 75 OF 224,Active,NULL,SCOTT,2026-03-13 07:23:38.000,2025-12-15 00:00:00.000
25-199,VERTCORP,BUFFER TANK 76 OF 224,Active,NULL,SCOTT,2026-03-13 07:23:38.000,2025-12-15 00:00:00.000
25-200,VERTCORP,BUFFER TANK 77 OF 224,Active,NULL,SCOTT,2026-03-13 07:23:38.000,2025-12-15 00:00:00.000
25-201,VERTCORP,BUFFER TANK 78 OF 224,Active,NULL,SCOTT,2026-03-13 07:23:38.000,2025-12-15 00:00:00.000
25-192,VERTCORP,BUFFER TANK 69 OF 224,Active,NULL,SCOTT,2026-03-13 07:23:37.000,2025-12-15 00:00:00.000
25-023,ANDRITZI,PRODUCT LIQUOR FLASH TANK,Complete,NULL,DAVID,2026-03-12 15:32:33.000,2025-01-30 00:00:00.000
26-024,POLYCOMP,WATER TANK,Active,NULL,SHERRI,2026-03-12 11:05:25.000,2026-03-05 00:00:00.000
25-185,VERTCORP,BUFFER TANK 62 OF 224,Active,NULL,SCOTT,2026-03-12 07:14:24.000,2025-12-15 00:00:00.000
25-186,VERTCORP,BUFFER TANK 63 OF 224,Active,NULL,SCOTT,2026-03-12 07:14:24.000,2025-12-15 00:00:00.000
25-187,VERTCORP,BUFFER TANK 64 OF 224,Active,NULL,SCOTT,2026-03-12 07:14:24.000,2025-12-15 00:00:00.000
25-188,VERTCORP,BUFFER TANK 65 OF 224,Active,NULL,SCOTT,2026-03-12 07:14:24.000,2025-12-15 00:00:00.000
25-189,VERTCORP,BUFFER TANK 66 OF 224,Active,NULL,SCOTT,2026-03-12 07:14:24.000,2025-12-15 00:00:00.000
25-190,VERTCORP,BUFFER TANK 67 OF 224,Active,NULL,SCOTT,2026-03-12 07:14:24.000,2025-12-15 00:00:00.000
25-191,VERTCORP,BUFFER TANK 68 OF 224,Active,NULL,SCOTT,2026-03-12 07:14:24.000,2025-12-15 00:00:00.000
25-184,VERTCORP,BUFFER TANK 61 OF 224,Active,NULL,SCOTT,2026-03-12 07:14:23.000,2025-12-15 00:00:00.000
25-084,ATLASMIN,SULFUR HOLDING TANK,Active,NULL,SHERRI,2026-03-11 10:12:13.000,2025-07-18 00:00:00.000
25-017,KIMBCLAR,370-TK-37005,Complete,NULL,SHERRI,2026-03-11 10:03:27.000,2025-01-28 00:00:00.000
25-094,KIMBCLAR,420-TK-42003,Complete,NULL,SHERRI,2026-03-11 10:03:27.000,2025-09-10 00:00:00.000
25-344,VERTCORP,BUFFER TANK 221 OF 224,Active,NULL,SCOTT,2026-03-09 06:27:33.000,2025-12-15 00:00:00.000
25-345,VERTCORP,BUFFER TANK 222 OF 224,Active,NULL,SCOTT,2026-03-09 06:27:33.000,2025-12-15 00:00:00.000
25-346,VERTCORP,BUFFER TANK 223 OF 224,Active,NULL,SCOTT,2026-03-09 06:27:33.000,2025-12-15 00:00:00.000
25-021,KIMBCLAR,861-TK-86101,Complete,NULL,SHERRI,2026-03-06 12:03:04.000,2025-01-28 00:00:00.000
25-020,KIMBCLAR,360-TK-36102,Complete,NULL,SHERRI,2026-03-05 15:59:38.000,2025-01-28 00:00:00.000
25-116,POLYCOMP,MALEIC ANHYDRIDE TANK,Active,NULL,SHERRI,2026-03-05 11:36:51.000,2025-11-05 00:00:00.000
26-016,FLOQENGI,R3 REACTOR,Active,NULL,SHERRI,2026-03-05 11:34:13.000,2026-01-13 00:00:00.000
25-012,KIMBCLAR,330-TK-3301,Active,NULL,SCOTT,2026-03-04 07:48:12.000,2025-01-28 00:00:00.000
25-340,VERTCORP,BUFFER TANK 217 OF 224,Active,NULL,SCOTT,2026-03-04 07:18:37.000,2025-12-15 00:00:00.000
25-341,VERTCORP,BUFFER TANK 218 OF 224,Active,NULL,SCOTT,2026-03-04 07:18:37.000,2025-12-15 00:00:00.000
25-342,VERTCORP,BUFFER TANK 219 OF 224,Active,NULL,SCOTT,2026-03-04 07:18:37.000,2025-12-15 00:00:00.000
25-343,VERTCORP,BUFFER TANK 220 OF 224,Active,NULL,SCOTT,2026-03-04 07:18:37.000,2025-12-15 00:00:00.000
25-339,VERTCORP,BUFFER TANK 216 OF 224,Active,NULL,SCOTT,2026-03-03 07:40:30.000,2025-12-15 00:00:00.000
25-330,VERTCORP,BUFFER TANK 207 OF 224,Active,NULL,SCOTT,2026-03-03 07:40:29.000,2025-12-15 00:00:00.000
25-331,VERTCORP,BUFFER TANK 208 OF 224,Active,NULL,SCOTT,2026-03-03 07:40:29.000,2025-12-15 00:00:00.000
25-332,VERTCORP,BUFFER TANK 209 OF 224,Active,NULL,SCOTT,2026-03-03 07:40:29.000,2025-12-15 00:00:00.000
25-333,VERTCORP,BUFFER TANK 210 OF 224,Active,NULL,SCOTT,2026-03-03 07:40:29.000,2025-12-15 00:00:00.000
25-334,VERTCORP,BUFFER TANK 211 OF 224,Active,NULL,SCOTT,2026-03-03 07:40:29.000,2025-12-15 00:00:00.000
25-335,VERTCORP,BUFFER TANK 212 OF 224,Active,NULL,SCOTT,2026-03-03 07:40:29.000,2025-12-15 00:00:00.000
25-336,VERTCORP,BUFFER TANK 213 OF 224,Active,NULL,SCOTT,2026-03-03 07:40:29.000,2025-12-15 00:00:00.000
25-337,VERTCORP,BUFFER TANK 214 OF 224,Active,NULL,SCOTT,2026-03-03 07:40:29.000,2025-12-15 00:00:00.000
25-338,VERTCORP,BUFFER TANK 215 OF 224,Active,NULL,SCOTT,2026-03-03 07:40:29.000,2025-12-15 00:00:00.000
25-272,VERTCORP,BUFFER TANK 149 OF 224,Active,NULL,BOB,2026-03-02 14:23:28.000,2025-12-15 00:00:00.000
25-271,VERTCORP,BUFFER TANK 148 OF 224,Active,NULL,BOB,2026-03-02 14:22:58.000,2025-12-15 00:00:00.000
25-270,VERTCORP,BUFFER TANK 147 OF 224,Active,NULL,BOB,2026-03-02 14:22:28.000,2025-12-15 00:00:00.000
25-269,VERTCORP,BUFFER TANK 146 OF 224,Active,NULL,BOB,2026-03-02 14:21:29.000,2025-12-15 00:00:00.000
25-268,VERTCORP,BUFFER TANK 145 OF 224,Active,NULL,BOB,2026-03-02 14:20:57.000,2025-12-15 00:00:00.000
25-267,VERTCORP,BUFFER TANK 144 OF 224,Active,NULL,BOB,2026-03-02 14:20:19.000,2025-12-15 00:00:00.000
25-266,VERTCORP,BUFFER TANK 143 OF 224,Active,NULL,BOB,2026-03-02 14:19:42.000,2025-12-15 00:00:00.000
25-265,VERTCORP,BUFFER TANK 142 OF 224,Active,NULL,BOB,2026-03-02 10:45:57.000,2025-12-15 00:00:00.000
25-256,VERTCORP,BUFFER TANK 133 OF 224,Active,NULL,BOB,2026-03-02 10:43:52.000,2025-12-15 00:00:00.000
25-253,VERTCORP,BUFFER TANK 130 OF 224,Active,NULL,BOB,2026-03-02 10:43:02.000,2025-12-15 00:00:00.000
25-264,VERTCORP,BUFFER TANK 141 OF 224,Active,NULL,BOB,2026-03-02 10:38:04.000,2025-12-15 00:00:00.000
25-263,VERTCORP,BUFFER TANK 140 OF 224,Active,NULL,BOB,2026-03-02 10:37:19.000,2025-12-15 00:00:00.000
25-262,VERTCORP,BUFFER TANK 139 OF 224,Active,NULL,BOB,2026-03-02 10:36:41.000,2025-12-15 00:00:00.000
25-261,VERTCORP,BUFFER TANK 138 OF 224,Active,NULL,BOB,2026-03-02 10:36:03.000,2025-12-15 00:00:00.000
25-260,VERTCORP,BUFFER TANK 137 OF 224,Active,NULL,BOB,2026-03-02 10:35:15.000,2025-12-15 00:00:00.000
25-259,VERTCORP,BUFFER TANK 136 OF 224,Active,NULL,BOB,2026-03-02 10:34:46.000,2025-12-15 00:00:00.000
25-258,VERTCORP,BUFFER TANK 135 OF 224,Active,NULL,BOB,2026-03-02 10:34:13.000,2025-12-15 00:00:00.000
25-257,VERTCORP,BUFFER TANK 134 OF 224,Active,NULL,BOB,2026-03-02 10:33:39.000,2025-12-15 00:00:00.000
25-255,VERTCORP,BUFFER TANK 132 OF 224,Active,NULL,BOB,2026-03-02 10:32:27.000,2025-12-15 00:00:00.000
25-254,VERTCORP,BUFFER TANK 131 OF 224,Active,NULL,BOB,2026-03-02 10:31:45.000,2025-12-15 00:00:00.000
25-252,VERTCORP,BUFFER TANK 129 OF 224,Active,NULL,BOB,2026-03-02 10:30:31.000,2025-12-15 00:00:00.000
25-251,VERTCORP,BUFFER TANK 128 OF 224,Active,NULL,BOB,2026-03-02 10:29:58.000,2025-12-15 00:00:00.000
25-250,VERTCORP,BUFFER TANK 127 OF 224,Active,NULL,BOB,2026-03-02 10:29:16.000,2025-12-15 00:00:00.000
25-249,VERTCORP,BUFFER TANK 126 OF 224,Active,NULL,BOB,2026-03-02 10:28:47.000,2025-12-15 00:00:00.000
25-248,VERTCORP,BUFFER TANK 125 OF 224,Active,NULL,BOB,2026-03-02 10:28:12.000,2025-12-15 00:00:00.000
25-247,VERTCORP,BUFFER TANK 124 OF 224,Active,NULL,BOB,2026-03-02 10:27:38.000,2025-12-15 00:00:00.000
25-246,VERTCORP,BUFFER TANK 123 OF 224,Active,NULL,BOB,2026-03-02 10:27:04.000,2025-12-15 00:00:00.000
25-245,VERTCORP,BUFFER TANK 122 OF 224,Active,NULL,BOB,2026-03-02 10:26:25.000,2025-12-15 00:00:00.000
25-244,VERTCORP,BUFFER TANK 121 OF 224,Active,NULL,BOB,2026-03-02 10:25:47.000,2025-12-15 00:00:00.000
25-243,VERTCORP,BUFFER TANK 120 OF 224,Active,NULL,BOB,2026-03-02 09:10:05.000,2025-12-15 00:00:00.000
25-326,VERTCORP,BUFFER TANK 203 OF 224,Active,NULL,SCOTT,2026-03-01 06:47:50.000,2025-12-15 00:00:00.000
25-327,VERTCORP,BUFFER TANK 204 OF 224,Active,NULL,SCOTT,2026-03-01 06:47:50.000,2025-12-15 00:00:00.000
25-328,VERTCORP,BUFFER TANK 205 OF 224,Active,NULL,SCOTT,2026-03-01 06:47:50.000,2025-12-15 00:00:00.000
25-329,VERTCORP,BUFFER TANK 206 OF 224,Active,NULL,SCOTT,2026-03-01 06:47:50.000,2025-12-15 00:00:00.000
25-323,VERTCORP,BUFFER TANK 200 OF 224,Active,NULL,SCOTT,2026-02-28 07:16:52.000,2025-12-15 00:00:00.000
25-324,VERTCORP,BUFFER TANK 201 OF 224,Active,NULL,SCOTT,2026-02-28 07:16:52.000,2025-12-15 00:00:00.000
25-325,VERTCORP,BUFFER TANK 202 OF 224,Active,NULL,SCOTT,2026-02-28 07:16:52.000,2025-12-15 00:00:00.000
25-316,VERTCORP,BUFFER TANK 193 OF 224,Active,NULL,SCOTT,2026-02-28 07:16:51.000,2025-12-15 00:00:00.000
25-317,VERTCORP,BUFFER TANK 194 OF 224,Active,NULL,SCOTT,2026-02-28 07:16:51.000,2025-12-15 00:00:00.000
25-318,VERTCORP,BUFFER TANK 195 OF 224,Active,NULL,SCOTT,2026-02-28 07:16:51.000,2025-12-15 00:00:00.000
25-319,VERTCORP,BUFFER TANK 196 OF 224,Active,NULL,SCOTT,2026-02-28 07:16:51.000,2025-12-15 00:00:00.000
25-320,VERTCORP,BUFFER TANK 197 OF 224,Active,NULL,SCOTT,2026-02-28 07:16:51.000,2025-12-15 00:00:00.000
25-321,VERTCORP,BUFFER TANK 198 OF 224,Active,NULL,SCOTT,2026-02-28 07:16:51.000,2025-12-15 00:00:00.000
25-322,VERTCORP,BUFFER TANK 199 OF 224,Active,NULL,SCOTT,2026-02-28 07:16:51.000,2025-12-15 00:00:00.000
25-075,KEMIRAWS,SULFURIC ACID TANK,Complete,NULL,SHERRI,2026-02-27 11:17:33.000,2025-06-17 00:00:00.000
25-311,VERTCORP,BUFFER TANK 188 OF 224,Active,NULL,SCOTT,2026-02-27 08:46:06.000,2025-12-15 00:00:00.000
25-312,VERTCORP,BUFFER TANK 189 OF 224,Active,NULL,SCOTT,2026-02-27 08:46:06.000,2025-12-15 00:00:00.000
25-313,VERTCORP,BUFFER TANK 190 OF 224,Active,NULL,SCOTT,2026-02-27 08:46:06.000,2025-12-15 00:00:00.000
25-314,VERTCORP,BUFFER TANK 191 OF 224,Active,NULL,SCOTT,2026-02-27 08:46:06.000,2025-12-15 00:00:00.000
25-315,VERTCORP,BUFFER TANK 192 OF 224,Active,NULL,SCOTT,2026-02-27 08:46:06.000,2025-12-15 00:00:00.000
25-306,VERTCORP,BUFFER TANK 183 OF 224,Active,NULL,SCOTT,2026-02-27 08:46:05.000,2025-12-15 00:00:00.000
25-307,VERTCORP,BUFFER TANK 184 OF 224,Active,NULL,SCOTT,2026-02-27 08:46:05.000,2025-12-15 00:00:00.000
25-308,VERTCORP,BUFFER TANK 185 OF 224,Active,NULL,SCOTT,2026-02-27 08:46:05.000,2026-01-02 00:00:00.000
25-309,VERTCORP,BUFFER TANK 186 OF 224,Active,NULL,SCOTT,2026-02-27 08:46:05.000,2025-12-15 00:00:00.000
25-310,VERTCORP,BUFFER TANK 187 OF 224,Active,NULL,SCOTT,2026-02-27 08:46:05.000,2025-12-15 00:00:00.000
25-305,VERTCORP,BUFFER TANK 182 OF 224,Active,NULL,SCOTT,2026-02-26 07:47:22.000,2025-12-15 00:00:00.000
25-296,VERTCORP,BUFFER TANK 173 OF 224,Active,NULL,SCOTT,2026-02-26 07:47:21.000,2025-12-15 00:00:00.000
25-297,VERTCORP,BUFFER TANK 174 OF 224,Active,NULL,SCOTT,2026-02-26 07:47:21.000,2025-12-15 00:00:00.000
25-298,VERTCORP,BUFFER TANK 175 OF 224,Active,NULL,SCOTT,2026-02-26 07:47:21.000,2025-12-15 00:00:00.000
25-299,VERTCORP,BUFFER TANK 176 OF 224,Active,NULL,SCOTT,2026-02-26 07:47:21.000,2025-12-15 00:00:00.000
25-300,VERTCORP,BUFFER TANK 177 OF 224,Active,NULL,SCOTT,2026-02-26 07:47:21.000,2025-12-15 00:00:00.000
25-301,VERTCORP,BUFFER TANK 178 OF 224,Active,NULL,SCOTT,2026-02-26 07:47:21.000,2025-12-15 00:00:00.000
25-302,VERTCORP,BUFFER TANK 179 OF 224,Active,NULL,SCOTT,2026-02-26 07:47:21.000,2025-12-15 00:00:00.000
25-303,VERTCORP,BUFFER TANK 180 OF 224,Active,NULL,SCOTT,2026-02-26 07:47:21.000,2025-12-15 00:00:00.000
25-304,VERTCORP,BUFFER TANK 181 OF 224,Active,NULL,SCOTT,2026-02-26 07:47:21.000,2025-12-15 00:00:00.000
25-065,RECOCOMM,BUFFER TANK #10,Complete,NULL,SHERRI,2026-02-25 12:27:39.000,2025-06-13 00:00:00.000
25-215,VERTCORP,BUFFER TANK 92 OF 224,Active,NULL,BOB,2026-02-20 12:03:45.000,2025-12-15 00:00:00.000
25-235,VERTCORP,BUFFER TANK 112 OF 224,Active,NULL,BOB,2026-02-20 11:58:02.000,2025-12-15 00:00:00.000
25-224,VERTCORP,BUFFER TANK 101 OF 224,Active,NULL,BOB,2026-02-20 11:57:05.000,2025-12-15 00:00:00.000
25-242,VERTCORP,BUFFER TANK 119 OF 224,Active,NULL,BOB,2026-02-20 11:46:48.000,2025-12-15 00:00:00.000
25-241,VERTCORP,BUFFER TANK 118 OF 224,Active,NULL,BOB,2026-02-20 11:46:25.000,2025-12-15 00:00:00.000
25-240,VERTCORP,BUFFER TANK 117 OF 224,Active,NULL,BOB,2026-02-20 11:45:53.000,2025-12-15 00:00:00.000
25-239,VERTCORP,BUFFER TANK 116 OF 224,Active,NULL,BOB,2026-02-20 11:45:20.000,2025-12-15 00:00:00.000
25-238,VERTCORP,BUFFER TANK 115 OF 224,Active,NULL,BOB,2026-02-20 11:44:55.000,2025-12-15 00:00:00.000
25-237,VERTCORP,BUFFER TANK 114 OF 224,Active,NULL,BOB,2026-02-20 11:44:18.000,2025-12-15 00:00:00.000
25-236,VERTCORP,BUFFER TANK 113 OF 224,Active,NULL,BOB,2026-02-20 11:43:49.000,2025-12-15 00:00:00.000
25-234,VERTCORP,BUFFER TANK 111 OF 224,Active,NULL,BOB,2026-02-20 11:42:51.000,2025-12-15 00:00:00.000
25-233,VERTCORP,BUFFER TANK 110 OF 224,Active,NULL,BOB,2026-02-20 11:42:19.000,2025-12-15 00:00:00.000
25-232,VERTCORP,BUFFER TANK 109 OF 224,Active,NULL,BOB,2026-02-20 11:41:52.000,2025-12-15 00:00:00.000
25-231,VERTCORP,BUFFER TANK 108 OF 224,Active,NULL,BOB,2026-02-20 11:41:17.000,2025-12-15 00:00:00.000
25-230,VERTCORP,BUFFER TANK 107 OF 224,Active,NULL,BOB,2026-02-20 11:40:49.000,2025-12-15 00:00:00.000
25-229,VERTCORP,BUFFER TANK 106 OF 224,Active,NULL,BOB,2026-02-20 11:40:16.000,2025-12-15 00:00:00.000
25-228,VERTCORP,BUFFER TANK 105 OF 224,Active,NULL,BOB,2026-02-20 11:39:47.000,2025-12-15 00:00:00.000
25-227,VERTCORP,BUFFER TANK 104 OF 224,Active,NULL,BOB,2026-02-20 11:39:21.000,2025-12-15 00:00:00.000
25-226,VERTCORP,BUFFER TANK 103 OF 224,Active,NULL,BOB,2026-02-20 11:38:49.000,2025-12-15 00:00:00.000
25-225,VERTCORP,BUFFER TANK 102 OF 224,Active,NULL,BOB,2026-02-20 11:38:24.000,2025-12-15 00:00:00.000
25-223,VERTCORP,BUFFER TANK 100 OF 224,Active,NULL,BOB,2026-02-20 11:37:24.000,2025-12-15 00:00:00.000
25-222,VERTCORP,BUFFER TANK 99 OF 224,Active,NULL,BOB,2026-02-20 11:35:42.000,2025-12-15 00:00:00.000
25-221,VERTCORP,BUFFER TANK 98 OF 224,Active,NULL,BOB,2026-02-20 11:35:10.000,2025-12-15 00:00:00.000
25-220,VERTCORP,BUFFER TANK 97 OF 224,Active,NULL,BOB,2026-02-20 11:34:38.000,2025-12-15 00:00:00.000
25-219,VERTCORP,BUFFER TANK 96 OF 224,Active,NULL,BOB,2026-02-20 11:34:06.000,2025-12-15 00:00:00.000
25-218,VERTCORP,BUFFER TANK 95 OF 224,Active,NULL,BOB,2026-02-20 11:32:36.000,2025-12-15 00:00:00.000
25-217,VERTCORP,BUFFER TANK 94 OF 224,Active,NULL,BOB,2026-02-20 11:32:04.000,2025-12-15 00:00:00.000
25-216,VERTCORP,BUFFER TANK 93 OF 224,Active,NULL,BOB,2026-02-20 11:29:36.000,2025-12-15 00:00:00.000
25-214,VERTCORP,BUFFER TANK 91 OF 224,Active,NULL,BOB,2026-02-20 11:27:42.000,2025-12-15 00:00:00.000
25-064,RECOCOMM,BUFFER TANK #9,Complete,NULL,SHERRI,2026-02-19 11:54:42.000,2025-06-13 00:00:00.000
25-348,VERTCORP,EXP TANK SHIPMENT 1 (24),Active,NULL,SHERRI,2026-02-17 15:22:06.000,2025-12-15 00:00:00.000
26-002,FLOQENGI,RAIL BUFFER TANK #1,Active,NULL,SHERRI,2026-02-17 14:11:32.000,2026-01-19 00:00:00.000
26-003,FLOQENGI,RAIL BUFFER TANK #2,Active,NULL,SHERRI,2026-02-17 14:11:32.000,2026-01-19 00:00:00.000
26-004,FLOQENGI,RAIL BUFFER TANK #3,Active,NULL,SHERRI,2026-02-17 14:11:32.000,2026-01-19 00:00:00.000
25-098,COASTECH,MIST ELIMINATOR W/FACE WASH,Active,NULL,SHERRI,2026-02-17 13:18:16.000,2025-09-24 00:00:00.000
25-289,VERTCORP,BUFFER TANK 166 OF 224,Active,NULL,SCOTT,2026-02-17 07:34:40.000,2025-12-15 00:00:00.000
25-290,VERTCORP,BUFFER TANK 167 OF 224,Active,NULL,SCOTT,2026-02-17 07:34:40.000,2025-12-15 00:00:00.000
25-291,VERTCORP,BUFFER TANK 168 OF 224,Active,NULL,SCOTT,2026-02-17 07:34:40.000,2025-12-15 00:00:00.000
25-292,VERTCORP,BUFFER TANK 169 OF 224,Active,NULL,SCOTT,2026-02-17 07:34:40.000,2025-12-15 00:00:00.000
25-293,VERTCORP,BUFFER TANK 170 OF 224,Active,NULL,SCOTT,2026-02-17 07:34:40.000,2025-12-15 00:00:00.000
25-294,VERTCORP,BUFFER TANK 171 OF 224,Active,NULL,SCOTT,2026-02-17 07:34:40.000,2025-12-15 00:00:00.000
25-295,VERTCORP,BUFFER TANK 172 OF 224,Active,NULL,SCOTT,2026-02-17 07:34:40.000,2025-12-15 00:00:00.000
25-284,VERTCORP,BUFFER TANK 161 OF 224,Active,NULL,SCOTT,2026-02-17 07:34:39.000,2025-12-15 00:00:00.000
25-285,VERTCORP,BUFFER TANK 162 OF 224,Active,NULL,SCOTT,2026-02-17 07:34:39.000,2025-12-15 00:00:00.000
25-286,VERTCORP,BUFFER TANK 163 OF 224,Active,NULL,SCOTT,2026-02-17 07:34:39.000,2025-12-15 00:00:00.000
25-287,VERTCORP,BUFFER TANK 164 OF 224,Active,NULL,SCOTT,2026-02-17 07:34:39.000,2025-12-15 00:00:00.000
25-288,VERTCORP,BUFFER TANK 165 OF 224,Active,NULL,SCOTT,2026-02-17 07:34:39.000,2025-12-15 00:00:00.000
25-120,ANDRITZI,DISSOLVING TANK (FABRICATION),Active,NULL,NICK,2026-02-16 16:16:53.000,2025-11-19 00:00:00.000
25-275,VERTCORP,BUFFER TANK 152 OF 224,Active,NULL,SCOTT,2026-02-14 08:01:25.000,2025-12-15 00:00:00.000
25-276,VERTCORP,BUFFER TANK 153 OF 224,Active,NULL,SCOTT,2026-02-14 08:01:25.000,2025-12-15 00:00:00.000
25-277,VERTCORP,BUFFER TANK 154 OF 224,Active,NULL,SCOTT,2026-02-14 08:01:25.000,2025-12-15 00:00:00.000
25-278,VERTCORP,BUFFER TANK 155 OF 224,Active,NULL,SCOTT,2026-02-14 08:01:25.000,2025-12-15 00:00:00.000
25-279,VERTCORP,BUFFER TANK 156 OF 224,Active,NULL,SCOTT,2026-02-14 08:01:25.000,2025-12-15 00:00:00.000
25-280,VERTCORP,BUFFER TANK 157 OF 224,Active,NULL,SCOTT,2026-02-14 08:01:25.000,2025-12-15 00:00:00.000
25-281,VERTCORP,BUFFER TANK 158 OF 224,Active,NULL,SCOTT,2026-02-14 08:01:25.000,2025-12-15 00:00:00.000
25-282,VERTCORP,BUFFER TANK 159 OF 224,Active,NULL,SCOTT,2026-02-14 08:01:25.000,2025-12-15 00:00:00.000
25-283,VERTCORP,BUFFER TANK 160 OF 224,Active,NULL,SCOTT,2026-02-14 08:01:25.000,2025-12-15 00:00:00.000
25-274,VERTCORP,BUFFER TANK 151 OF 224,Active,NULL,SCOTT,2026-02-14 08:01:24.000,2025-12-15 00:00:00.000
26-014,FLOQENGI,R1 REACTOR,Active,NULL,SHERRI,2026-02-12 15:04:14.000,2026-01-13 00:00:00.000
26-001,SYNTHOMER,25-356 CHANGE ORDER,Active,NULL,SHERRI,2026-02-12 14:52:39.000,2026-01-19 00:00:00.000
25-062,RECOCOMM,BUFFER TANK #7,Complete,NULL,SHERRI,2026-02-12 14:33:25.000,2025-06-13 00:00:00.000
25-063,RECOCOMM,BUFFER TANK #8,Complete,NULL,SHERRI,2026-02-12 14:33:25.000,2025-06-13 00:00:00.000
24-063,R2TCONSTRU,LIME DAY TANK #1,Complete,NULL,SHERRI,2026-02-11 10:44:59.000,2024-12-18 00:00:00.000
25-043,ECOPOL,FEA & CYCLIC ANALYSIS,Active,NULL,SHERRI,2026-01-29 12:56:07.000,2025-03-27 00:00:00.000
MAT1,NULL,NULL,Closed,NULL,BOB,2026-01-28 14:50:12.000,2026-01-28 00:00:00.000
19-001,REAGCHEM,"34,500 GAL CST API TANK",Closed,NULL,BOB,2026-01-28 12:42:28.000,2019-01-16 00:00:00.000
25-022,KIMBCLAR,"EST SHIPPING 25-007/021;25-094 ",Active,NULL,SHERRI,2026-01-23 08:11:00.000,2025-01-28 00:00:00.000
25-060,RECOCOMM,BUFFER TANK #5,Complete,NULL,SHERRI,2026-01-22 16:46:34.000,2025-06-13 00:00:00.000
25-061,RECOCOMM,BUFFER TANK #6,Complete,NULL,SHERRI,2026-01-22 16:46:34.000,2025-06-13 00:00:00.000
25-009,KIMBCLAR,220-TK-22001,Complete,NULL,NICK,2026-01-21 16:19:34.000,2025-01-28 00:00:00.000
25-121,KIMBCLAR,DUMP CHEST TANK,Active,NULL,SHERRI,2026-01-20 15:20:05.000,2025-12-15 00:00:00.000
25-122,KIMBCLAR,PROCESS TENSIDE TANK,Active,NULL,SHERRI,2026-01-20 15:20:05.000,2025-12-04 00:00:00.000
26-013,VERTCORP,TEMP SENSOR SHIPMENT 8,Active,NULL,NICK,2026-01-20 11:38:58.000,2026-01-19 00:00:00.000
26-012,VERTCORP,TEMP SENSOR SHIPMENT 7,Active,NULL,NICK,2026-01-20 11:38:20.000,2026-01-19 00:00:00.000
26-011,VERTCORP,TEMP SENSOR SHIPMENT 6,Active,NULL,NICK,2026-01-20 11:37:12.000,2026-01-19 00:00:00.000
26-010,VERTCORP,TEMP SENSOR SHIPMENT 5,Active,NULL,NICK,2026-01-20 11:35:53.000,2026-01-19 00:00:00.000
26-009,VERTCORP,TEMP SENSOR SHIPMENT 4,Active,NULL,NICK,2026-01-20 11:34:28.000,2026-01-19 00:00:00.000
26-007,VERTCORP,TEMP SENSOR SHIPMENT 2,Active,NULL,NICK,2026-01-20 11:32:53.000,2026-01-19 00:00:00.000
26-008,VERTCORP,TEMP SENSOR SHIPMENT 3,Active,NULL,NICK,2026-01-20 11:32:53.000,2026-01-19 00:00:00.000
24-069,R2TCONSTRU,LIME BULK STORAGE TANK #5,Complete,NULL,SHERRI,2026-01-19 08:56:09.000,2024-12-18 00:00:00.000
25-349,VERTCORP,EXP TANK SHIPMENT 2 (32),Active,NULL,SHERRI,2026-01-16 13:13:41.000,2025-12-15 00:00:00.000
25-350,VERTCORP,EXP TANK SHIPMENT 3 (44),Active,NULL,SHERRI,2026-01-16 13:13:41.000,2025-12-15 00:00:00.000
25-351,VERTCORP,EXP TANK SHIPMENT 4 (28),Active,NULL,SHERRI,2026-01-16 13:13:41.000,2025-12-15 00:00:00.000
25-352,VERTCORP,EXP TANK SHIPMENT 5 (32),Active,NULL,SHERRI,2026-01-16 13:13:41.000,2025-12-15 00:00:00.000
25-353,VERTCORP,EXP TANK SHIPMENT 6 (28),Active,NULL,SHERRI,2026-01-16 13:13:41.000,2025-12-15 00:00:00.000
25-354,VERTCORP,EXP TANK SHIPMENT 7 (24),Active,NULL,SHERRI,2026-01-16 13:13:41.000,2025-12-15 00:00:00.000
25-355,VERTCORP,EXP TANK SHIPMENT 8 (12),Active,NULL,SHERRI,2026-01-16 13:13:41.000,2025-12-15 00:00:00.000
25-347,VERTCORP,BUFFER TANK 224 OF 224,Active,NULL,SHERRI,2026-01-16 12:58:59.000,2025-12-15 00:00:00.000
25-273,VERTCORP,BUFFER TANK 150 OF 224,Active,NULL,SHERRI,2026-01-16 12:39:11.000,2025-12-15 00:00:00.000
25-096,MILLIKEN,T-3405,Complete,NULL,SHERRI,2026-01-15 09:59:31.000,2025-09-22 00:00:00.000
25-097,MILLIKEN,T-3505,Complete,NULL,SHERRI,2026-01-15 09:59:31.000,2025-09-22 00:00:00.000
25-119,VERTCORP,DWG ONLY-SMARTRUN BUFFER TANKS,Active,NULL,NICK,2026-01-14 12:57:19.000,2025-11-14 00:00:00.000
25-080,DOMTARPA,DAF FILTRATE TANK,Complete,NULL,SHERRI,2026-01-09 15:19:35.000,2025-06-27 00:00:00.000
25-077,EPICSYST,R-301 DMN CSTR,Complete,NULL,SHERRI,2026-01-08 09:44:08.000,2025-06-25 00:00:00.000
25-078,EPICSYST,R-310 PACKED BED REACTOR,Complete,NULL,SHERRI,2026-01-08 09:44:08.000,2025-06-25 00:00:00.000
25-079,EPICSYST,R-311 PACKED BED REACTOR,Complete,NULL,SHERRI,2026-01-08 09:44:08.000,2025-06-25 00:00:00.000
OH-25,NULL,NULL,Closed,NULL,SHERRI,2026-01-02 13:25:03.000,2025-01-06 00:00:00.000
24-065,R2TCONSTRU,LIME BULK STORAGE TANK #1,Complete,NULL,SHERRI,2025-12-31 15:31:06.000,2024-12-18 00:00:00.000
24-066,R2TCONSTRU,LIME BULK STORAGE TANK #2,Complete,NULL,SHERRI,2025-12-31 15:31:06.000,2024-12-18 00:00:00.000
